segment,raison,email,first_name,last_name,company_name,website,linkedin_url,title,city,country,company_name_apollo,email_status,apollo_id
CONSEIL,secteur_hors_cible,eric@sublica.fr,Eric,Cayla,Sublica,http://www.sublica.fr,http://www.linkedin.com/in/ericcayla,Founder,Paris,France,SUBLICA,verified,611d6561903ddb00014bd8b7
CONSEIL,secteur_hors_cible,fabienne@pointtriple.com,Fabienne,Mainguy,Point Triple,http://www.pointtriple.com,http://www.linkedin.com/in/fabienne-mainguy-67375328,CEO Point Triple Transformation,Lille,France,Point Triple,verified,66f5d8b0c74ef100015deaf7
CONSEIL,secteur_hors_cible,thomas.oliete@oldi.fr,Thomas,Oliete,OL & DI Consulting,http://www.oldiconsulting.fr,http://www.linkedin.com/in/thomas-oliete-a3431199,Founder,Paris,France,OL & DI Consulting,verified,54a4414474686938ac023539
CONSEIL,secteur_hors_cible,florence.boachon@smart-partner.fr,Florence,Boachon,Smart Partner,http://www.smart-partner.fr,http://www.linkedin.com/in/florence-boachon-53643059,Co-founder,,France,Smart Partner,verified,5b2bcd6ea6da988ac86f2c4a
CONSEIL,secteur_hors_cible,steph@design-sprint.com,Steph,Cruchon,Design Sprint,http://www.design-sprint.com,http://www.linkedin.com/in/steph-cruchon,"CEO, Founder",Lausanne,Switzerland,Design Sprint Ltd,verified,57e0752ea6da981be5775e14
CONSEIL,secteur_hors_cible,lountzian@thebigfactory.fr,Laurence,Ountzian,The Big Factory,http://www.thebigfactory.fr,http://www.linkedin.com/in/laurence-ountzian-9ba59b4a,CEO & Associee,Paris,France,The Big Factory,verified,54a45eda7468692cf0681b42
CONSEIL,secteur_hors_cible,william.naigeon@we-associes.com,William,Naigeon,WE & associés,http://www.we-associes.com,http://www.linkedin.com/in/william-naigeon-6a476812,Founder - Directeur Associé,Cannes,France,WE & associés,verified,65a756c68ceea30001b66e8b
CONSEIL,secteur_hors_cible,alex.kuilman@bethepractice.com,Alex,Kuilman,The Practice,http://www.bethepractice.com,http://www.linkedin.com/in/alexkuilman,Founder & CEO,Geneva,Switzerland,The Practice,verified,60fb9f47aafe70000146256a
CONSEIL,secteur_hors_cible,rtreece@henkainstitute.com,Rachel,Actc,The Henka Institute™,http://www.henkainstitute.com,http://www.linkedin.com/in/racheltreece,CEO and Founder,,Luxembourg,The Henka Institute™,verified,6066ebcbffb0460001ba3bea
CONSEIL,secteur_hors_cible,cplessis@hr4team.com,Cecile,Plessis,HR4Team,http://www.hr4team.com,http://www.linkedin.com/in/c%c3%a9cile-plessis,Founder & CEO,,France,HR4Team,verified,67064c102a48e90001517f37
CONSEIL,secteur_hors_cible,denis.cerisola@business-consulting-group.fr,Denis,Cerisola,Business Consulting,http://www.business-consulting-group.fr,http://www.linkedin.com/in/dcerisola,CEO,Lyon,France,BUSINESS CONSULTING GROUP,verified,54eba2227468694311f88a02
CONSEIL,secteur_hors_cible,marchandise.a@seedgrowth.eu,Amaury,Marchandise,SeedGrowth,http://www.seedgrowth.eu,http://www.linkedin.com/in/amaury-marchandise,Founder and CEO,Geneva,Switzerland,SeedGrowth,verified,5ef1559d16f33a00019f18af
CONSEIL,secteur_hors_cible,pascaline@359.company,Pascaline,Bertaux,359,http://www.359.company,http://www.linkedin.com/in/pbtx,Co-Founder,,France,359,verified,65aabdca414ccf0001496528
CONSEIL,secteur_hors_cible,inna.malaia@bevel.world,Inna,Malaia,Bevel World,http://www.bevel.world,http://www.linkedin.com/in/inna-malaia,Founder and CEO,Geneva,Switzerland,Bevel World,verified,6370b1cb99393c00013d7f2b
CONSEIL,secteur_hors_cible,d.davreux@adveci.com,Dimitri,Davreux,adVeci Advisors,http://www.adveci.com,http://www.linkedin.com/in/dimitri-davreux-5578ba24,Founder & Managing Partner,Luxembourg City,Luxembourg,adVeci Advisors,verified,5d198791a3ae61e8e1f53564
CONSEIL,secteur_hors_cible,gf@lesenchanteurs.fr,Geoffrey,Fosseux,LES Enchanteurs,http://www.lesenchanteurs.fr,http://www.linkedin.com/in/geoffrey-fosseux,Chairman and CEO,Lille,France,LES ENCHANTEURS,verified,609458e71fd9790001a5be2f
CONSEIL,secteur_hors_cible,claudia@redscope-consulting.com,Claudia,Caldeirinha,Leading with Purpose & Passion,http://www.redscope-consulting.com,http://www.linkedin.com/in/claudia-de-castro-caldeirinha-0bb4141b,Chief Executive Officer,Brussels,Belgium,Leading with Purpose & Passion - Redscope Consulting,verified,6771a0a6b514ba0001a136ec
CONSEIL,secteur_hors_cible,eric.allmang@incubethic.fr,Eric,Allmang,Incub'ethic,http://www.incubethic.fr,http://www.linkedin.com/in/eric-allmang-b7a30a25,Founder,Paris,France,INCUB'ETHIC,verified,54c17d9f7468691639dae015
CONSEIL,secteur_hors_cible,anton.zeller@niris.ch,Anton,Zeller,Niris,http://www.niris.ch,http://www.linkedin.com/in/anton-zeller-574a76120,Founder & CEO,Lausanne,Switzerland,NIRIS SA,verified,65e888b0eacb5400077d8a44
CONSEIL,secteur_hors_cible,eleanor@etkleadershipsolutions.com,Eleanor,Khonje,ETK Leadership Solutions,http://www.etkleadershipsolutions.com,http://www.linkedin.com/in/drellyk,Founder and CEO,Geneva,Switzerland,ETK Leadership Solutions,verified,6517e4b350498500018dcf59
CONSEIL,secteur_hors_cible,louis-simon.faure@leaderia.com,Louis-Simon,Faure,Leaderia,http://www.leaderia.com,http://www.linkedin.com/in/louissimonfaure,Founder - CEO,Paris,France,Leaderia,verified,5ffb208b507e03000105da18
CONSEIL,secteur_hors_cible,greg.serikoff@codesign-it.com,Greg,Serikoff,Codesign-it,http://www.codesign-it.com,http://www.linkedin.com/in/greg-serikoff-19909a19,Co-founder,Geneva,Switzerland,Codesign-it,verified,5bccfc44f65125c7c9734b12
CONSEIL,secteur_hors_cible,gert@too-doo.be,Gert,Van De Vijver,too-doo®,http://www.too-doo.eu,http://www.linkedin.com/in/gertvandevijver,Founder - CEO,Ghent,Belgium,too-doo®,verified,55be8f247369640be29c0000
CONSEIL,secteur_hors_cible,guillaume.stollsteiner@tell-np.com,Guillaume,Stollsteiner,TnP / Transition & Performance,http://www.tell-np.com,http://www.linkedin.com/in/guillaumestollsteineroutplacement,Founder,Geneva,Switzerland,TnP / Transition & Performance,verified,635aae1810d0b10001035c96
CONSEIL,secteur_hors_cible,tkuntz@ataway-management.com,Thierry,Kuntz,ataWay-management,http://www.ataway-management.com,http://www.linkedin.com/in/thierry-kuntz-2465427,CEO & Founder,Paris,France,ataWay-management,verified,60b3667591f14600011657d4
CONSEIL,secteur_hors_cible,veronique.ameye@euresispartners.com,Veronique,Ameye,Euresis Partners,http://www.euresispartners.com,http://www.linkedin.com/in/veronique-ameye-9a47856,Founder & Managing Partner,Paris,France,Euresis Partners,verified,54a4be1f7468693676e9a55f
CONSEIL,secteur_hors_cible,christian@adaptation-institute.com,Christian,Clot,Adaptation,http://www.adaptation-institute.com,http://www.linkedin.com/in/christian-clot,CEO and Founder,,France,ADAPTATION,verified,55708e7573696425f2821800
CONSEIL,secteur_hors_cible,paul.pietyra@aktan.fr,Paul,Pietyra,Aktan,http://www.aktan.fr,http://www.linkedin.com/in/paul-pietyra-design-strategie-innovation,Directeur Général - Fondateur,,France,AKTAN,verified,54a3bbbe7468692cf0ce6d0e
CONSEIL,secteur_hors_cible,reto.schneider@rspartner.com,Reto,Schneider,RS Partner,http://www.rspartner.com,http://www.linkedin.com/in/reto-schneider-a339073,"Owner & CEO, Senior Headhunter in the Watch Industry",Neuchatel,Switzerland,RS Partner SA,verified,5571389c7369643b146a1b00
CONSEIL,secteur_hors_cible,antoine@lucelia.ai,Antoine,Lessard,Lucelia,http://www.lucelia.ai,http://www.linkedin.com/in/antoinelessard,Co-founder,Paris,France,Lucelia - Formation IA,verified,620137e72c0d0b000175764b
CONSEIL,secteur_hors_cible,ld@xix-sports.com,Ludovic,Dumas,Nineteen Sports,http://www.nineteen-sports.com,http://www.linkedin.com/in/ludovic-dumas-356a9b2a,Président & Founder,Paris,France,Nineteen Sports Group,verified,66fa9bc434ff8c0001a49d27
CONSEIL,secteur_hors_cible,jbk@pomelo.company,Jean-Baptiste,Keller,Pomelo,http://www.pomelo.company,http://www.linkedin.com/in/jean-baptiste-keller-01b89420,Co-founder & CEO,Lausanne,Switzerland,Pomelo sàrl,verified,6010b3313d79410001b799f5
CONSEIL,secteur_hors_cible,rweisz@comprofiles.com,Robert,Weisz,ComProfiles Institute,http://www.comprofiles.fr,http://www.linkedin.com/in/robert-weisz-comprofilesinstitute,Fondateur et Directeur Général,Aix-en-Provence,France,ComProfiles Institute,verified,54a51356746869320954647a
CONSEIL,secteur_hors_cible,djover@mac-erci.com,Dolores,Jover,MAC-ERCI International,http://www.mac-erci.com,http://www.linkedin.com/in/doloresjover,Founder & CEO,Paris,France,MAC-ERCI International,verified,557109c07369646218bc0100
CONSEIL,secteur_hors_cible,sebastien.guinchard@is.setec.fr,Sebastien,Guinchard,setec is,http://is.setec.fr,http://www.linkedin.com/in/sebastien-guinchard,Directeur Général - CEO,Paris,France,setec is,verified,67063c31457127000188fa59
CONSEIL,secteur_hors_cible,frederique@reemind.fr,Frederique,D'Orgeval,Reemind,http://www.reemind.fr,http://www.linkedin.com/in/frederiquedorgeval,Co-founder & Headhunter,Paris,France,REEMIND,verified,57d6fd97a6da986afd930d7a
CONSEIL,secteur_hors_cible,frederic.l@ca-rh.fr,Frederic,Labarthe,CA Ressources Humaines,http://www.ca-rh.fr,http://www.linkedin.com/in/frederic-labarthe,CEO,,France,CA RESSOURCES HUMAINES,verified,66f536ca6722550001160cdc
CONSEIL,secteur_hors_cible,c.germain@lynkus.fr,Charles,Germain,Lynkus,http://www.lynkus.fr,http://www.linkedin.com/in/charles-germain,CEO & Co-founder,Paris,France,Lynkus,verified,60dbf5170c45b20001909b93
CONSEIL,secteur_hors_cible,olivier.masson@cdo.fr,Masson,Olivier,Centrale DES Opticiens,http://www.cdo.fr,http://www.linkedin.com/in/massonolivier,C.E.O Directeur Général,Paris,France,CENTRALE DES OPTICIENS,verified,60181f0bad57650001168bb5
CONSEIL,secteur_hors_cible,mathilde.guillou@way2autonomy.com,Mathilde,Guillou,Way2autonomy,http://www.way2autonomy.com,http://www.linkedin.com/in/mathilde-guillou-0656b3b,CEO & Founder,,France,WAY2AUTONOMY,verified,5d5356eea3ae6101d63d4443
CONSEIL,secteur_hors_cible,guillaume.piot@borhomeo.com,Guillaume,Piot,BoRHomeo,http://www.borhomeo.com,http://www.linkedin.com/in/guillaume-piot-75000,Co-founder & CEO,Paris,France,BoRHomeo (BRH),verified,62cd7a5fecd30600013085c0
CONSEIL,secteur_hors_cible,mariecharlotte@aparentiere.com,Marie-Charlotte,Parfait,Aparentière,http://www.aparentiere.com,http://www.linkedin.com/in/marie-charlotte-frevol-parfait-8b599b24,Founder & CEO,Paris,France,Aparentière,verified,54a6f5b874686968291a1a08
CONSEIL,secteur_hors_cible,danny.havenith@mercurhosp.be,Danny,Havenith,MercurHosp ASBL,http://www.mercurhosp.be,http://www.linkedin.com/in/danny-havenith-45909027,Directeur Général - CEO,Brussels,Belgium,MercurHosp ASBL,verified,5d474f70f65125ac01934cb3
CONSEIL,secteur_hors_cible,stephane.leclercq@skuscience.com,Stephane,Leclercq,SKU Science,http://www.skuscience.com,http://www.linkedin.com/in/stephane-leclercq-143a2,CEO & Co-Founder,Bougival,France,SKU Science,verified,66f715af1f1450000135fea2
CONSEIL,secteur_hors_cible,charlotte@chamara.co,Charlotte,Costa,Chamara,http://www.chamara.co,http://www.linkedin.com/in/charlotte-costa-1895112b,Co-Founder & CEO,Biarritz,France,Chamara,verified,66f43abe47f67800015639d2
CONSEIL,secteur_hors_cible,olivier.goulet@iligo.fr,Olivier,Goulet,iligo,http://www.iligo.fr,http://www.linkedin.com/in/olivier-goulet-4013b412,CEO and Founder,Paris,France,iligo,verified,67587c150c8e9d000196b01d
CONSEIL,secteur_hors_cible,kris.bogaerts@boengi.be,Kris,Bogaerts,Bogaerts Engineering,http://www.boengi.be,http://www.linkedin.com/in/kris-bogaerts-048a4419,Founder & CEO,Antwerp,Belgium,Bogaerts Engineering,verified,64f70309f5cfb40001b9fb4e
CONSEIL,secteur_hors_cible,serguei.ouattara@eu-africa-chamber.org,Serguei,Ouattara,EU-AFRICA Chamber of Commerce,http://www.eu-africa-chamber.org,http://www.linkedin.com/in/sergueiouattara,Co-Founder & Senior Advisor,Brussels,Belgium,EU-AFRICA Chamber of Commerce,verified,54ec300a746869444ca79461
CONSEIL,secteur_hors_cible,mathieu@wattelse.be,Mathieu,Van Gehuchten,Watt Else,http://www.wattelse.be,http://www.linkedin.com/in/mathieuvangehuchten,CEO & Founder,Namur,Belgium,Watt Else,verified,55d6b88ff3e5bb2b9f004ca3
CONSEIL,secteur_hors_cible,pcmagdelaine@akeen.fr,Priscilla,Chazot-Magdelaine,Akeen,http://www.akeen.net,http://www.linkedin.com/in/priscillachazotmagdelaine,Fondatrice et CEO,Paris,France,AKEEN,verified,57e1d172a6da985747c7ab31
CONSEIL,secteur_hors_cible,arend@fitme.jobs,Arend,Van Itterbeek,fitme.jobs,http://www.fitme.jobs,http://www.linkedin.com/in/arendfitme,Founder & CEO,Mechelen,Belgium,fitme.jobs,verified,66fd008010494c0001d28b1f
CONSEIL,secteur_hors_cible,b.floris@yllioretail.com,Bruno,Floris,YllioRetail,http://www.yllioretail.com,http://www.linkedin.com/in/brunofloris,Founder & CEO,Paris,France,YllioRetail,verified,66fdc06da94ead0001407c11
CONSEIL,secteur_hors_cible,christophe@rise.work,Christophe,Longue,Rise.work,http://www.rise.work,http://www.linkedin.com/in/christophe-montagne-longue,Co-founder & CEO,Paris,France,Rise.work,verified,54a6edc97468696de7144005
CONSEIL,secteur_hors_cible,gonzague.deblignieres@raise.co,Gonzague,Blignieres,Raise,http://www.raise.co,http://www.linkedin.com/in/gonzague-de-bligni%c3%a8res-548a23101,Co-founder,Paris,France,RAISE,verified,5aaac8e9a6da98284e9ccec3
CONSEIL,secteur_hors_cible,laurent.pouquet@quadrat-etudes.fr,Laurent,Pouquet,Quadrat-Études,http://www.quadrat-etudes.fr,http://www.linkedin.com/in/laurent-pouquet,CEO and Founder,Paris,France,Quadrat-Études,verified,54a7462574686975f8af6f25
CONSEIL,secteur_hors_cible,pascal@brightbiz.be,Pascal,Pytel,BrightBiz,http://www.brightbiz.eu,http://www.linkedin.com/in/pascal-pytel,Founder,Aalst,Belgium,BrightBiz,verified,54a2398874686933189c2a17
CONSEIL,secteur_hors_cible,astrid@weareimpactcollective.org,Astrid,Leyssens,We Are Impact Collective,http://www.weareimpactcollective.org,http://www.linkedin.com/in/astrid-leyssens-5a204b9,Founder and CEO,Turnhout,Belgium,We Are Impact Collective,verified,54a787447468696b7f07dd3c
CONSEIL,secteur_hors_cible,frevillard@aaaplus.ch,Fabienne,Revillard,AAA+ Coaching & Formation,http://www.aaaplus.ch,http://www.linkedin.com/in/aaapluscoachingformationfabiennerevillard,Founder,Geneva,Switzerland,AAA+ Coaching & Formation,verified,6118cb58844fdf00011552f7
CONSEIL,secteur_hors_cible,regis.medina@keenly.fr,Regis,Medina,Learning to Scale,http://www.learningtoscale.fr,http://www.linkedin.com/in/regismedina,Co-founder,Paris,France,Learning to Scale,verified,54fa8bb67468694d66560301
CONSEIL,secteur_hors_cible,dominique@fermendom.com,Dominique,Salameh,fermendom,http://www.fermendom.com,http://www.linkedin.com/in/dominique-francis-salameh-88b78946,Founder - President,,France,fermendom,verified,54a406ae7468693676bc5926
CONSEIL,secteur_hors_cible,ddongais@axioncom.fr,David,Dongais,Axioncom,http://www.axioncom.fr,http://www.linkedin.com/in/david-dongais,Founder,Amboise,France,Axioncom,verified,5de88340c9150100014cf9ee
CONSEIL,secteur_hors_cible,michael@chaomatic.com,Michael,Humblet,Chaomatic,http://www.chaomatic.com,http://www.linkedin.com/in/michaelhumblet,Founder,Brussels,Belgium,Chaomatic 🎥,verified,66f5b8d82cb09a00017ce5ec
CONSEIL,secteur_hors_cible,sebastien@sovalue.co,Sebastien,Ohleyer,Sovalue,http://www.sovalue.co,http://www.linkedin.com/in/sebastien-ohleyer,Co-founder,Paris,France,Sovalue,verified,62b3842f4e23f80001c9682d
CONSEIL,secteur_hors_cible,stephanie@isteaconseil.fr,Stephanie,Michelot,Istea Conseil,http://www.isteaconseil.fr,http://www.linkedin.com/in/stephanie-michelot,Co-founder,Antibes,France,ISTEA CONSEIL,verified,5d38250b80f93ec21acbe772
CONSEIL,secteur_hors_cible,rosendo.manasfaura@resilio-solutions.com,Rosendo,Faura,Resilio I B Corp certified,http://www.resilio-solutions.com,http://www.linkedin.com/in/rosendomanasfaura,Co-founder and Partner,Lausanne,Switzerland,Resilio I B Corp certified,verified,61272954cc5f980001d487e9
CONSEIL,secteur_hors_cible,pleroux@key-people.fr,Philippe,Roux,Key People,http://www.key-people.fr,http://www.linkedin.com/in/philippe-le-roux-2843402,Président-fondateur de Key People,Paris,France,Key People SAS,verified,557099fa7369642b42b88900
CONSEIL,secteur_hors_cible,zineb@advyse.fr,Zineb,Bayali,Advyse.fr,http://www.advyse.fr,http://www.linkedin.com/in/zineb-bayali-fiscalite,Founder,,France,Advyse.fr,verified,66f7c6090a0a800001e15fce
CONSEIL,secteur_hors_cible,bmb@charge-expert.com,Bertrand,Mancel-Bize,Charge Expert,http://www.charge-expert.com,http://www.linkedin.com/in/bertrand-pierre-mancel-bize-31982010,President & Founder,Courbevoie,France,Charge Expert,verified,66110b5f39e2dd0007b8510a
CONSEIL,secteur_hors_cible,tim.wynant@meraki.expert,Tim,Wynant,Meraki,http://www.meraki.expert,http://www.linkedin.com/in/tim-wynant,Co-Founder,Brussels,Belgium,Meraki,verified,66f65534daa78700015e7cc8
CONSEIL,secteur_hors_cible,alban@all-seasons.me,Alban,Pellec,All-Seasons,http://www.all-seasons.me,http://www.linkedin.com/in/alban-le-pellec-all-seasons,Founder & Owner,Paris,France,All-Seasons,verified,54a557b77468692abf0eb290
CONSEIL,secteur_hors_cible,samuel@lasource.io,Samuel,Westberg,LaSource,http://www.lasource.io,http://www.linkedin.com/in/samuel-westberg-a836713a,CEO,Paris,France,LaSource,verified,610c06a11da1150001ff2bdf
CONSEIL,secteur_hors_cible,lut@identifyme.be,Lut,Wyers,Identify.Me,http://www.idme.be,http://www.linkedin.com/in/lutwyers,Chief Executive Officer,Hasselt,Belgium,Identify.Me,verified,54a4d00c7468692cf08a6665
CONSEIL,secteur_hors_cible,ndeschauwer@pyxis-tech.com,Norman,Deschauwer,Pyxis Technologies Belgium,http://www.pyxis-belgique.be,http://www.linkedin.com/in/normandeschauwer,CEO,Nivelles,Belgium,Pyxis Technologies Belgium,verified,55710c37736964090ef40100
CONSEIL,secteur_hors_cible,zakaria@smartcompta.fr,Zakaria,Tadlaoui,Smartcompta,http://www.smartcompta.fr,http://www.linkedin.com/in/zakaria-tadlaoui-%f0%9f%9a%80-1b95b49b,Founder CEO - Expert-comptable,,France,Smartcompta,verified,66f7c04c0a0a800001df865d
CONSEIL,secteur_hors_cible,diego@roadco.eu,Diego,Lichtervelde,RoadCo,http://www.roadco.eu,http://www.linkedin.com/in/diego-de-lichtervelde-498b0780,Co-Founder @ RoadCo,Brussels,Belgium,RoadCo,verified,57e14283a6da987da42322d0
CONSEIL,secteur_hors_cible,sacha.krief@virtuoz-expertise.fr,Sacha,Krief,Virtuoz Expertise,http://www.virtuoz-expertise.fr,http://www.linkedin.com/in/sacha-krief-ab1204b8,Co-founder,,France,Virtuoz Expertise,verified,66fce22336c0c100016fb86e
CONSEIL,secteur_hors_cible,pdlm@tribefactory.com,Pierre,Mortiere,TRIBEfactory,http://www.tribefactory.com,http://www.linkedin.com/in/pierredelamortiere,Founder Partner,Paris,France,TRIBEfactory,verified,67efe8a2eb2a990001420bd1
CONSEIL,secteur_hors_cible,waldo.vervoort@firstwave.be,Waldo,Vervoort,FirstWave Clinical Consultancy,http://www.firstwave.be,http://www.linkedin.com/in/waldovervoort,CEO / Partner / Founder,Brussels,Belgium,FirstWave Clinical Consultancy,verified,5ffa267ea6daaf0001a41c6d
CONSEIL,secteur_hors_cible,fix.tanguy@adviseup.com,Francois-Xavier,Tanguy,Advise Up Associés,http://www.adviseup-associes.com,http://www.linkedin.com/in/fixtanguy,"Co-Founder and Partner, Co-Founder & ex CEO",Paris,France,Advise Up Associés,verified,66f7b9e90a0a800001dd60d2
CONSEIL,secteur_hors_cible,florie@zelya.com,Florie,Mazzorana,ZELYA Energy,http://www.zelya.com,http://www.linkedin.com/in/mazzorana,Founder & President,,France,ZELYA Energy,verified,54a3a6b57468692cf05be607
CONSEIL,secteur_hors_cible,rudy@la-cga.co,Rudy,Pignot-Malapert,La Compagnie Générale des Autres,http://www.lacompagniegeneraledesautres.co,http://www.linkedin.com/in/rudypignot,Co-founder,Paris,France,La Compagnie Générale des Autres,verified,54c1a0087468697af7dd0c2d
CONSEIL,secteur_hors_cible,g.gault@lobsoco.com,Guenaelle,Gault,L'ObSoCo,http://www.lobsoco.com,http://www.linkedin.com/in/gu%c3%a9na%c3%ablle-gault-891a1232,CEO,,France,L'ObSoCo,verified,5d0f106ff3e5bb8e646b46f5
CONSEIL,secteur_hors_cible,ajovic@keystone-lamarck.com,Alexandra,Jovic,Keystone,http://www.keystone-lamarck.com,http://www.linkedin.com/in/alexandra-jovic-a4788a6,Founder & CEO | Keystone by Lamarck,,France,KEYSTONE (by Lamarck),verified,60fefea9c1887600014f2991
CONSEIL,secteur_hors_cible,gwendoline@hoteletperformance.com,Gwendoline,Pedurand,Hôtel et Performance,http://www.hoteletperformance.com,http://www.linkedin.com/in/gwendoline-p%c3%a9durand-a5103150,Founder,Paris,France,Hôtel et Performance,verified,6598d913d5554c0001426c28
CONSEIL,secteur_hors_cible,stefaan@pureconstruct.eu,Stefaan,Maes,Pure Construct,http://www.pureconstruct.eu,http://www.linkedin.com/in/stefaan-maes,Co-Founder,Aalst,Belgium,Pure Construct,verified,54a73821746869730a8b1720
CONSEIL,secteur_hors_cible,martin.bertho@mouv-energie.fr,Martin,Bertho,Mouv Energie,http://www.mouv-energie.fr,http://www.linkedin.com/in/martin-bertho-b55aa1a8,Co-founder,Paris,France,Mouv Energie,verified,5fbd76aa885a880001bf2c60
CONSEIL,secteur_hors_cible,arthur.jouannic@animergy.com,Arthur,Jouannic,Animergy,http://www.animergy.com,http://www.linkedin.com/in/arthur-jouannic,Co-founder,Lyon,France,Animergy,verified,63f50130cf7c4e00011dc414
CONSEIL,secteur_hors_cible,thomas.wijnen@impacthub.net,Thomas,Wijnen,Impact Hub Antwerp,,http://www.linkedin.com/in/thomas-wijnen-68b325251,Co-Founder,Brussels,Belgium,Impact Hub Antwerp,verified,6423b0c66cfa130001113afe
CONSEIL,secteur_hors_cible,eric@solutions-public.fr,Eric,Suin,Solutions Public,,http://www.linkedin.com/in/eric-de-suin,Co-founder,Paris,France,Solutions Public,verified,54a283607468693a7e0faa28
CONSEIL,secteur_hors_cible,alexandrine@waaas.org,Alexandrine,Becker,Waaas,http://www.waaas.org,http://www.linkedin.com/in/alexandrine-becker-62034358,Co-Founder,,France,WAAAS,verified,64315a08f373af0001bc6c41
CONSEIL,secteur_hors_cible,stephanie@careforceone.be,Stephanie,Partz,CareForce One,http://www.careforceone.be,http://www.linkedin.com/in/st%c3%a9phanie-de-partz,Co-Founder,,Belgium,CareForce One,verified,57d35088a6da9821585d352f
CONSEIL,secteur_hors_cible,stephane.kourganoff@esterfinance.com,Stephane,Kourganoff,Ester,http://www.esterfinance.com,http://www.linkedin.com/in/st%c3%a9phane-kourganoff,Co-founder,Paris,France,ESTER,verified,67473fb0dea6450001926232
CONSEIL,secteur_hors_cible,m.marechal@fertilidee.fr,Mathieu,Marechal,Fertilidée,http://www.fertilidee.fr,http://www.linkedin.com/in/mathieu-marechal,Co-founder,Saint-Etienne-de-Montluc,France,Fertilidée,verified,66f5358a672255000115aea1
CONSEIL,secteur_hors_cible,luc.hazoume@qobaltpartners.com,Luc,Hazoume,Qobalt Partners,http://www.qobaltpartners.com,http://www.linkedin.com/in/luchazoume,Founder,Paris,France,Qobalt Partners,verified,54a5a79374686934429c479f
CONSEIL,secteur_hors_cible,maud@webconversion.fr,Maud,Epinette,Webconversion,http://www.webconversion.fr,http://www.linkedin.com/in/maud-epinette,Founder,Lyon,France,Webconversion,verified,66f1b2e29d8d1a00015546c6
CONSEIL,secteur_hors_cible,loriana.allegrezza@e-volve.be,Loriana,Allegrezza,Evolve.be,http://www.e-volve.be,http://www.linkedin.com/in/lorianaallegrezza,Founder,,Belgium,Evolve.be,verified,54a2427674686938254bc71a
CONSEIL,secteur_hors_cible,brobert@clevercourtage.com,Benjamin,Robert,Clever,http://www.clevercourtage.com,http://www.linkedin.com/in/benjamin-robert,Co-founder,Paris,France,CLEVER,verified,5d58e9b6a3ae611b783adbd3
CONSEIL,secteur_hors_cible,nando.galazzo@transitivemanagement.com,Nando,Galazzo,Transitive Management,http://www.transitivemanagement.com,http://www.linkedin.com/in/nando-galazzo-726609,"Founder, Managing Director",Brussels,Belgium,Transitive Management,verified,54a23b277468693825bd2e18
CONSEIL,secteur_hors_cible,bdelpeut@adunea.com,Bruno,Delpeut,ADUNEA le Club,http://www.adunea.com,http://www.linkedin.com/in/bruno-delpeut-8587a01a,Founder,Lyon,France,ADUNEA le Club,verified,63ecef55ddeafb0001b0b7e8
CONSEIL,secteur_hors_cible,hugo@growth-hiring.com,Hugo,Dollfus,Growth Hiring,http://www.growth-hiring.com,http://www.linkedin.com/in/hugo-dollfus,Co-founder,Paris,France,Growth Hiring,verified,60d2f5c0fcf7b3000112f0f9
CONSEIL,secteur_hors_cible,dib.alameh@xllence.fr,Dib,Alameh,Xllence,http://www.xllence.fr,http://www.linkedin.com/in/alameh,Founder,Paris,France,XLLENCE,verified,54a2044674686930c2299805
CONSEIL,secteur_hors_cible,christophe@businezzbooster.be,Christophe,Eggen,Businezz Booster,http://www.businezzbooster.be,http://www.linkedin.com/in/christopheeggen,Co-Founder,Mechelen,Belgium,BUSINEZZ BOOSTER,verified,5f6827775123a500015bce55
CONSEIL,secteur_hors_cible,adassonville@buyco.fr,Aurelien,Dassonville,Buyco,http://www.buyco.fr,http://www.linkedin.com/in/aurelien-dassonville,Co-founder,Paris,France,Buyco,verified,54a5b9c274686932093956a3
CONSEIL,secteur_hors_cible,herve@hipipin.com,Herve,Ferro,Hipip IN,http://www.hipipin.com,http://www.linkedin.com/in/herveferro,Founder,Paris,France,Hipip IN,verified,54c1e4757468697af79c2159
CONSEIL,secteur_hors_cible,demains@agence-la.com,David,Lestoux,LA ! Lestoux & Associés,http://www.lestoux-associes.com,http://www.linkedin.com/in/david-lestoux-la,Founder,Lamballe,France,LA ! Lestoux & Associés,verified,57db5f72a6da985eb9f2f4ca
CONSEIL,secteur_hors_cible,santiago@esglogic.eu,Santiago,Torres,ESGlogic,http://www.esglogic.eu,http://www.linkedin.com/in/santiago-torres-,CEO,Brussels,Belgium,ESGlogic,verified,655913bbc2520a0001d076d1
CONSEIL,secteur_hors_cible,enzo@m-mme-recyclage.com,Enzo,Muttini,Mme & M. Recyclage,http://www.m-mme-recyclage.com,http://www.linkedin.com/in/enzomuttini,Co-Founder,Chateauneuf,France,Mme & M. Recyclage ♻️,verified,57d385cff651252c074fc014
CONSEIL,secteur_hors_cible,louis@erab2b.com,Louis,Deslus,EraB2B,http://www.erab2b.com,http://www.linkedin.com/in/louis-deslus,Founder,Bayonne,France,EraB2B,verified,5d53cc91a3ae6169c8a3246c
CONSEIL,secteur_hors_cible,dany.dam@orcostra.com,Dany,Dam,Orcostra,http://www.orcostra.com,http://www.linkedin.com/in/dany-dam-1206,Co-Founder,Paris,France,ORCOSTRA,verified,54ebbea6746869444cfa3d1b
CONSEIL,secteur_hors_cible,martijn@agoya.be,Martijn,Bauters,Agoya,http://www.agoya.eu,http://www.linkedin.com/in/martijn-bauters-78a12a8a,Founder,Oudenaarde,Belgium,Agoya,verified,60e47d9f2654bd00011c5027
CONSEIL,secteur_hors_cible,remi@kohortz.fr,Remi,Cournil,Kohortz,http://www.kohortz.co,http://www.linkedin.com/in/remicournil,Co-founder,Saint-Etienne,France,Kohortz,verified,63873f869b1068000100e20e
CONSEIL,secteur_hors_cible,elke@happyhumans.be,Elke,Haemelynck,Happy Humans,http://www.happyhumans.be,http://www.linkedin.com/in/elkehaemelynck,Founder,Ghent,Belgium,Happy Humans,verified,60a033361f41a90001d5a31c
CONSEIL,secteur_hors_cible,omar@finetic.eu,Omar,Bendjelloun,Finetic,http://www.finetic.eu,http://www.linkedin.com/in/omar-bendjelloun,Founder,Paris,France,FINETIC,verified,60c8944fda58090001d28245
CONSEIL,secteur_hors_cible,albert@etty.fr,Albert,Benoliel,Studio etty,http://www.etty.fr,http://www.linkedin.com/in/albertbenoliel,Founder,Paris,France,Studio etty,verified,6243efed1a735a00018ae09e
CONSEIL,secteur_hors_cible,nicolas.duyck@re-view.fr,Nicolas,Duyck,REview,http://www.re-view.fr,http://www.linkedin.com/in/nicolas-duyck-39245659,Founder & Manager,Bordeaux,France,REview,verified,66fb526ea187f3000129804b
CONSEIL,secteur_hors_cible,a.thioux@a-th.com,Andre,Thioux,A-Th & Associates,http://www.a-th.com,http://www.linkedin.com/in/andr%c3%a9thioux,Founder,Liege,Belgium,A-Th & Associates,verified,5ef4acb0f84b9400011a95a8
CONSEIL,secteur_hors_cible,vincent@klap.io,Vincent,Dromer,KLAP,http://www.klap.io,http://www.linkedin.com/in/vdromer,Co-founder,Paris,France,KLAP - DESIGN THINKING,verified,54a4ac3c746869320901d459
CONSEIL,secteur_hors_cible,gildas@karavane.io,Gildas,Monneraye,Karavane.io,http://www.karavane.io,http://www.linkedin.com/in/gildas-de-la-monneraye-42b22692,Co-founder,Paris,France,Karavane.io,verified,54a232da7468693cdde27915
CONSEIL,secteur_hors_cible,jerome@advisoryboard.fr,Jerome,Chasques,Advisory Board France,http://www.advisoryboard.fr,http://www.linkedin.com/in/jeromechasques,Co-Founder,Paris,France,Advisory Board France,verified,54a39d757468693442780905
CONSEIL,secteur_hors_cible,ab@eeci.fr,Alain,Bonnin,Europe Expert Conseil Ingenierie,http://www.eeci.pro,http://www.linkedin.com/in/alain-bonnin-3381394a,Founder,,France,EUROPE EXPERT CONSEIL INGENIERIE - EECI,verified,61a2014fff2d140001d0814c
CONSEIL,secteur_hors_cible,tmathur@aii-group.com,Trivan,Mathur,Anchor,http://www.aii-group.com,http://www.linkedin.com/in/trivan-mathur-8797257,Managing Partner & Founder,Geneva,Switzerland,Anchor Group SA,verified,54a434377468693209fffc34
CONSEIL,secteur_hors_cible,nous@noussommesvivants.co,Jeremy,Dumont,pourquoitucours,,http://www.linkedin.com/in/jeremydumont,Planneur Strategique : Innovation & Transformation Pour Viser La Régénération,Paris,France,pourquoitucours,verified,6261b6c1e5003f0001aff1ff
CONSEIL,secteur_hors_cible,gl@foodservicealliance.be,Gert,Laurijssen,Foodservice Alliance,http://www.foodservicealliance.be,http://www.linkedin.com/in/gertlaurijssen,Founder,Antwerp,Belgium,Foodservice Alliance,verified,54a78105746869622005063b
CONSEIL,secteur_hors_cible,delphine@udetopia.fr,Delphine,Maraninchi,Udetopia,http://www.udetopia.fr,http://www.linkedin.com/in/delphine-maraninchi-7657907,Co-founder,Aix-en-Provence,France,Udetopia,verified,60f6e3f56984660001167f85
CONSEIL,secteur_hors_cible,samuel.bokobza@samothrace.fr,Samuel,Bokobza,SAMOTHRACE Expertise & Stratégie,http://www.samothrace.fr,http://www.linkedin.com/in/samuel-bokobza-421928b1,Founder,Paris,France,SAMOTHRACE Expertise & Stratégie,verified,55708cdc73696466027a0800
CONSEIL,secteur_hors_cible,alma@wearehally.fr,Alma,Guirao,Hally,http://www.wearehally.fr,http://www.linkedin.com/in/alma-guirao,President CEO,Paris,France,Hally,verified,6603f7658ebed80007180ad2
CONSEIL,secteur_hors_cible,s-assouline@forexfinance.com,Serge,Assouline,Forex Finance,http://www.forexfinance.com,http://www.linkedin.com/in/serge-assouline,Chairman and CEO,Paris,France,FOREX FINANCE,verified,614eb3748d93d00001aa7c94
CONSEIL,secteur_hors_cible,jan-bart@doorstep.be,Jan-Bart,Cassimon,Doorstep,http://www.doorstep.be,http://www.linkedin.com/in/janenbart,Co-Founder,Antwerp,Belgium,Doorstep,verified,66fb122a54a2d70001a884b6
CONSEIL,secteur_hors_cible,aina@avahi.co,Aina,Rakotoarisoa,Avahi,http://www.avahi.co,http://www.linkedin.com/in/aina-rakotoarisoa-4063595a,Founder,Paris,France,AVAHI,verified,54a1fc9774686930c2152103
CONSEIL,secteur_hors_cible,margot@ebloom.be,Margot,Wuillaume,eBloom,http://www.ebloom.be,http://www.linkedin.com/in/margot-wuillaume,Co-Founder,Brussels,Belgium,eBloom,verified,6087f942be720b000104bf29
CONSEIL,secteur_hors_cible,marie.baranger@risome.net,Marie,Baranger,Risome,http://www.risome.net,http://www.linkedin.com/in/mbaranger,Co-founder,Argeles-Gazost,France,RISOME,verified,54aa7adc7468690b75236706
CONSEIL,secteur_hors_cible,kbouguenara@galamsey-data.fr,Karim,Bouguenara,Galamsey Data,http://www.galamsey-data.fr,http://www.linkedin.com/in/karim-bouguenara-24716011,Founder,Lille,France,Galamsey Data,verified,54a3c03a7468692abf13860f
CONSEIL,secteur_hors_cible,sdumenil@thechinesepulse.com,Sophia,Dumenil,The Chinese Pulse,http://www.thechinesepulse.com,http://www.linkedin.com/in/sophia-dumenil-3a264024,Co-Founder,,France,The Chinese Pulse,verified,66fa9b5534ff8c0001a47f18
CONSEIL,secteur_hors_cible,a.arnal@be-energiz.com,Alexandre,Arnal,Be Energiz,http://www.be-energiz.com,http://www.linkedin.com/in/alexandre-arnal,Cofounder,Paris,France,Be Energiz,verified,5d575b71f65125471622c04d
CONSEIL,secteur_hors_cible,jeroen@varamedia.be,Jeroen,Van Raemdonck,VARAMEDIA.be,http://www.varamedia.be,http://www.linkedin.com/in/jeroenvr,Founder,Ghent,Belgium,VARAMEDIA.be,verified,54a5ef8f7468693209a3f0b4
CONSEIL,secteur_hors_cible,ycasen@albatross-consulting.com,Yann,Casen,Albatross Consulting,http://www.albatross-consulting.com,http://www.linkedin.com/in/yann-casen-albatross,Fondateur et CEO,Paris,France,Albatross Consulting,verified,57d3a768a6da9853ae8485d8
CONSEIL,secteur_hors_cible,lionel.delforge@ellion.be,Lionel,Delforge,Ellion Belgium,http://www.ellion.be,http://www.linkedin.com/in/lioneldelforge,Co-Founder,Brussels,Belgium,Ellion Belgium,verified,604a19928e38510001fafc78
CONSEIL,secteur_hors_cible,amelie@betuned.be,Amelie,Alleman,Betuned,http://www.betuned.be,http://www.linkedin.com/in/ameliealleman,Founder,Brussels,Belgium,Betuned,verified,611aab6d356fde000109e81b
CONSEIL,secteur_hors_cible,joke@punchline.be,Joke,Nul,Punchline,http://www.punchline.be,http://www.linkedin.com/in/jokedenul,Co-Founder,Tielt,Belgium,Punchline,verified,66f6107f2e45b800015c380a
CONSEIL,secteur_hors_cible,nick@enplooi.be,Nick,Van Walleghem,enplooi,http://www.enplooi.be,http://www.linkedin.com/in/nickvanwalleghem,Founder,,Belgium,enplooi,verified,54c1887c74686916391da51c
CONSEIL,secteur_hors_cible,nicolas.gerard@orioncapital.be,Nicolas,Gerard,Orion Capital,http://www.orioncapital.be,http://www.linkedin.com/in/nicolas-gerard-1bb2436,Founder,Paris,France,ORION CAPITAL,verified,66fc821897fbc30001b46a9d
CONSEIL,secteur_hors_cible,matthieu.luneau@groupearchipel.com,Matthieu,Luneau,Groupe Archipel,http://www.groupearchipel.com,http://www.linkedin.com/in/matthieuluneau,Co-founder,Paris,France,Groupe Archipel,verified,686f9182773fc100019a3b55
CONSEIL,secteur_hors_cible,yves.mathieu@missionspubliques.com,Yves,Mathieu,Missions Publiques,http://www.missionspubliques.org,http://www.linkedin.com/in/yves-mathieu,Founder,Paris,France,Missions Publiques,verified,54ebbc647468694311074e19
CONSEIL,secteur_hors_cible,armand@hooq.fr,Armand,Lagrange,HOOQ,http://www.hooq.fr,http://www.linkedin.com/in/armandlagrange,Co-founder,Paris,France,HOOQ,verified,62ac107d5f6b4b00011ec7ce
CONSEIL,secteur_hors_cible,sami@gustave-auto.com,Sami,Gomez,Gustave,http://www.gustave-auto.com,http://www.linkedin.com/in/sami-gomez,Founder,Paris,France,Gustave,verified,66f6ef7837daa600014a4869
CONSEIL,secteur_hors_cible,matheo@ezer-growth.fr,Matheo,Reboul,EZER,http://www.ezer-growth.fr,http://www.linkedin.com/in/matheo-reboul-ezer,Founder,Bordeaux,France,EZER,verified,684e552a92adda00018077a5
CONSEIL,secteur_hors_cible,jean-marc.levy@carbonefarmers.com,Jean-Marc,Levy,Carbone Farmers,http://www.carbonefarmers.com,http://www.linkedin.com/in/jeanmarclevy,Co-Founder,Paris,France,Carbone Farmers,verified,54a734cb746869705a0c541f
CONSEIL,secteur_hors_cible,laurent.latour@ceo-carcaring.com,Laurent,Latour,CEO Car Caring,http://www.ceo-carcaring.com,http://www.linkedin.com/in/laurent-latour-966b1316,"Fondateur & Président, CEO Car Caring",Paris,France,CEO Car Caring,verified,557071b973696431b6a5d800
CONSEIL,secteur_hors_cible,florie@gloriaforbusiness.com,Florie,Benhamou,Gloria,http://www.gloriaforbusiness.com,http://www.linkedin.com/in/florie-benhamou-325b2728,Co Founder,Paris,France,Gloria,verified,54a478ae7468693209b8174a
CONSEIL,secteur_hors_cible,baptiste@hook-agency.com,Baptiste,,Hook,http://www.hook-agency.com,http://www.linkedin.com/in/baptiste-grimaud,Co-Founder,Paris,France,Hook,verified,609273528f03a10001d38089
CONSEIL,secteur_hors_cible,l.fosse@sobren.fr,Leopold,Fosse,Sobren,http://www.sobren.fr,http://www.linkedin.com/in/leopold-fosse-48518b95,Co-founder,Lille,France,SOBREN,verified,57db5ab0a6da986d3615ff42
CONSEIL,secteur_hors_cible,maxime@represente.org,Maxime,Balsat,Représente.org,http://www.represente.org,http://www.linkedin.com/in/maxime-balsat-66453293,Co-founder,Paris,France,Représente.org,verified,577ac3eaf3e5bb63f919ab79
CONSEIL,secteur_hors_cible,arnaud.huc@a-qe.eu,Arnaud,Huc,Academy of Efficient Quality,http://www.ac-qualite-efficace.com,http://www.linkedin.com/in/arnaud-huc-5b935920,Founder,Nice,France,Academy of Efficient Quality,verified,54ec34e37468694311f8d165
CONSEIL,secteur_hors_cible,thibaud@vadato.io,Thibaud,Bernis,Vadato,http://www.vadato.io,http://www.linkedin.com/in/thibaud-de-bernis,Founder,Boulogne-Billancourt,France,Vadato,verified,6558ce6927cde500015fcb83
CONSEIL,secteur_hors_cible,ingrida@lightwaypartners.com,Ingrida,Lunyte,LightWay Partners,http://www.lightwaypartners.com,http://www.linkedin.com/in/ingrida-lunyte-a13bb825,Co-Founder,Luxembourg City,Luxembourg,LightWay Partners,verified,563979a2a6da982da30017fa
CONSEIL,secteur_hors_cible,charles@pergamon.fr,Charles,Froment,Pergamon,http://www.pergamon.fr,http://www.linkedin.com/in/charles-de-froment,Founder,Paris,France,Pergamon,verified,54ec4ec27468694311dd517c
CONSEIL,secteur_hors_cible,jweyders@jwpartner.lu,Jimy,Weyders,JW Partner,http://www.jwpartner.lu,http://www.linkedin.com/in/jimy-weyders-53a7ab5a,Founder,,Luxembourg,JW Partner,verified,54a3ff9474686936764c2424
CONSEIL,secteur_hors_cible,mathieu@viraj-mobilite.com,Mathieu,Rault,Viraj,http://www.viraj-mobilite.fr,http://www.linkedin.com/in/mathieurault-viraj,Founder,Bordeaux,France,VIRAJ - Vélo en Entreprise,verified,63a4602eb033860001ed3e72
CONSEIL,secteur_hors_cible,c.xaviere@klymber.com,Christophe,Xaviere,Klymber,http://www.klymber.com,http://www.linkedin.com/in/christophexaviere,Co-Founder,Paris,France,Klymber,verified,5ff894a554ebc10001f8910a
CONSEIL,secteur_hors_cible,julien@yourpeakrevenue.com,Julien,Vankriekinge,Your Peak Revenue,http://www.yourpeakrevenue.com,http://www.linkedin.com/in/julienvankriekinge,Founder,Brussels,Belgium,Your Peak Revenue,verified,66f6f3e81ce3b60001428fad
CONSEIL,secteur_hors_cible,audrey@alezzi.fr,Audrey,Zolezzi,Alezzi,http://www.alezzi.fr,http://www.linkedin.com/in/audreyzolezzi,Founder,Nice,France,ALEZZI,verified,54a7531574686968293aef29
CONSEIL,secteur_hors_cible,direction@akoyas.fr,Cynthia,Grzeczka,Akoyas,http://www.akoyas.fr,http://www.linkedin.com/in/cynthia-grzeczka-536992200,Co-founder,Niort,France,AKOYAS,verified,60f1d4752fb27100012ca1f2
CONSEIL,secteur_hors_cible,julien@ekip.app,Julien,Derville,Ekip,http://www.ekip.app,http://www.linkedin.com/in/julien-derville,Founder,Annecy,France,Ekip,verified,665b0a37d14ff50001fbfde6
CONSEIL,secteur_hors_cible,antoine@beetogreen.com,Antoine,Teilleul,BeeToGreen,http://www.beetogreen.com,http://www.linkedin.com/in/antoine-du-teilleul,Co-founder,,France,BeeToGreen,verified,54c1e1477468697af7e51257
CONSEIL,secteur_hors_cible,amish.boodhoo@bdh-corp.com,Amish,Boodhoo,BDH Corporate Expansion,http://www.bdh-corp.com,http://www.linkedin.com/in/amish-boodhoo,Founder,Paris,France,BDH Corporate Expansion,verified,66f7e073eee1360001a49ea2
CONSEIL,secteur_hors_cible,alefloch@genandsis.com,Anne,Floc'h,Gen&sis,http://www.genandsis.com,http://www.linkedin.com/in/anne-le-floc-h-653091b3,CEO,Puteaux,France,GEN&SIS,verified,57d5bb93a6da9853de02d248
CONSEIL,secteur_hors_cible,hillel@maisondulead.com,Hillel,Krief,Maison Du Lead,http://www.maison-du-lead.fr,http://www.linkedin.com/in/hillel-krief-8a6452186,Co-founder,Paris,France,Maison Du Lead,verified,612a052853862a0001535fe4
CONSEIL,hors_zone,antoine.sauvageot@yrnet.com,Antoine,Sauvageot,Groupe Rocher,,http://www.linkedin.com/in/antoine-sauvageot,Indirect Procurement Director - Americas,Los Angeles,United States,Groupe Rocher,verified,65cde5d6072d1d00012b3392
CONSEIL,secteur_hors_cible,jfernandez@dynametrie.com,Julien,Fernandez,Dynamétrie,http://www.dynametrie.com,http://www.linkedin.com/in/julien-fernandez,Co-founder,Lille,France,Dynamétrie,verified,66f7cfba0a0a800001e42724
CONSEIL,secteur_hors_cible,axel.kaletka@lecafedumarket.fr,Axel,Kaletka,Le café du market',http://www.lecafedumarket.fr,http://www.linkedin.com/in/axel-kaletka,Founder,Marseille,France,Le café du market',verified,683c1810da5bc30001e4108d
CONSEIL,secteur_hors_cible,delphine@labelleempreinte.fr,Delphine,Droz,La Belle Empreinte,http://www.labelleempreinte.fr,http://www.linkedin.com/in/delphinedroz,Founder @ La Belle Empreinte,,France,La Belle Empreinte,verified,54a3d861746869320927c017
CONSEIL,secteur_hors_cible,styl@smatchit.io,Stylianos,Antalis,smatchit,http://www.smatchit.io,http://www.linkedin.com/in/stylianos-antalis-a338933,Co-Founder,,France,smatchit,verified,54eacfb074686931e2a35f01
CONSEIL,secteur_hors_cible,dominique.brechon@framheim.fr,Dominique,Brechon,Framheim,http://www.framheim.fr,http://www.linkedin.com/in/dominique-brechon-%f0%9f%90%a7-2aa35919,Co-founder,,France,Framheim,verified,54eb356e74686931e219c50b
CONSEIL,secteur_hors_cible,laurent.esposito@codein.fr,Laurent,Esposito,Codéin,http://www.codein.fr,http://www.linkedin.com/in/laurent-esposito,Co-founder,,France,Codéin,verified,66fa961db4ed180001f597ab
CONSEIL,secteur_hors_cible,asselin@nalisse.fr,Anne-Sophie,Asselin,Nalisse,http://www.nalisse.com,http://www.linkedin.com/in/anne-sophie-asselin-ab18528a,Founder,,France,Nalisse,verified,66f537b367225500011653ae
CONSEIL,secteur_hors_cible,tplainchamp@arc-capital.fr,Thomas,Plainchamp,Arc Capital,http://www.arc-capital.fr,http://www.linkedin.com/in/thomas-plainchamp-09abb25a,Co-founder,Paris,France,Arc Capital,verified,57d48d1aa6da985386be4da9
CONSEIL,secteur_hors_cible,a.maskeraoui@carbone-group.com,Abderrahmane,Maskeraoui,Carbone,http://www.carbone-group.com,http://www.linkedin.com/in/abderrahmane-maskeraoui-51468421a,Directeur Général et Co-Fondateur,Genay,France,Carbone Group,verified,642af0ac7d6b5500018c1e68
CONSEIL,secteur_hors_cible,jean-simonajas@noocarb.fr,Jean-Simon,Ajas,noocarb,http://www.noocarb.com,http://www.linkedin.com/in/ajasjeansimon,Co-founder,Lyon,France,noocarb,verified,57d6a380a6da985431c041ca
CONSEIL,secteur_hors_cible,clement@lesblacksmoutons.com,Clement,Mouly,Les Blacks Moutons,http://www.lesblacksmoutons.com,http://www.linkedin.com/in/cmouly,Co-founder,Toulouse,France,Les Blacks Moutons,verified,54a1354069702d3e83409100
CONSEIL,secteur_hors_cible,ivan.glevarec@ecoway-partners.com,Ivan,Glevarec,Ecoway Partners,http://www.ecoway-partners.com,http://www.linkedin.com/in/ivanglevarec,Founder,Chantilly,France,Ecoway Partners 🍃,verified,608be3d81044020001f61f51
CONSEIL,secteur_hors_cible,alexandre@creuch.fr,Alexandre,Sirvent,Creuch,http://www.creuch.fr,http://www.linkedin.com/in/alexandre-sirvent-67870016,Founder,Paris,France,CREUCH,verified,54a6f4357468696220c69807
CONSEIL,secteur_hors_cible,stefaan@globalcuriosityinstitute.com,Stefaan,Van Hooydonk,Global Curiosity Institute,http://www.globalcuriosityinstitute.com,http://www.linkedin.com/in/stefaanvanhooydonk,Founder,Antwerp,Belgium,Global Curiosity Institute,verified,628cb915f4399600018be5f5
CONSEIL,secteur_hors_cible,serge@medicusspecialist.be,Serge,Tollet,Medicusspecialist,http://www.medicusspecialist.be,http://www.linkedin.com/in/serge-tollet-48ab58100,Co-founder,Aarschot,Belgium,Medicusspecialist,verified,57d944dda6da98721aa01c03
CONSEIL,secteur_hors_cible,guillaume.colin@dceconseil.fr,Guillaume,Colin,DCE Conseil,http://www.dceconseil.fr,http://www.linkedin.com/in/guillaume-colin-6aa062a0,Founder,Rouen,France,DCE Conseil,verified,54a5336c746869320993e484
CONSEIL,secteur_hors_cible,victor@big-happy.fr,Victor,Gajan,BigHappy,http://www.big-happy.fr,http://www.linkedin.com/in/victor-gajan-a635b538,Co-founder,Toulouse,France,BigHappy,verified,54ab4a8e7468690d2a1d9701
CONSEIL,secteur_hors_cible,jf.hartwig@optimize360.ch,Jean-Francois,Hartwig,Optimize 360,http://www.optimize360.fr,http://www.linkedin.com/in/hartwig1967,CEO,Geneva,Switzerland,Optimize 360,verified,66f5dc11b75ee000010f6cf6
CONSEIL,secteur_hors_cible,clecomte@finaia.fr,Charles-Eric,Lecomte,Finaïa,http://www.finaia.fr,http://www.linkedin.com/in/charles-eric-lecomte,Co-founder,Nantes,France,Finaïa,verified,54a38fc574686938acb7fc02
CONSEIL,secteur_hors_cible,willem.rodier@flowbow.fr,Willem,Rodier,Flowbow,http://www.flowbow.fr,http://www.linkedin.com/in/willemrodier,Cofounder,Paris,France,Flowbow,verified,54a1fe0c74686935be439b03
CONSEIL,secteur_hors_cible,edouard@uptrack-club.com,Edouard,Gohin,Uptrack,http://www.uptrackplus.com,http://www.linkedin.com/in/edouardgohin,Co-founder,,France,Uptrack,verified,5ef5638e9bd2a100016a808b
CONSEIL,secteur_hors_cible,leo@astrak.agency,Leo,Poitevin,Astrak,http://www.astrak.agency,http://www.linkedin.com/in/leo-poitevin,Founder,Paris,France,Astrak,verified,67065a078f29510001550227
CONSEIL,secteur_hors_cible,tony.carpentier@enablers.io,Tony,Carpentier,Enablers.io,http://www.enablers.io,http://www.linkedin.com/in/tonycarpentier,Founder,Paris,France,Enablers.io,verified,54a2330474686930c2046615
CONSEIL,secteur_hors_cible,andre@goodmorningsales.be,Andre,Vanacker,Good Morning Sales,http://www.goodmorningsales.be,http://www.linkedin.com/in/andrevanacker,Co-founder,Brussels,Belgium,Good Morning Sales,verified,671aba5a5a58f40001c6d83e
CONSEIL,secteur_hors_cible,ronan.passemard@aliott.fr,Ronan,Passemard,Aliott,http://www.aliott.fr,http://www.linkedin.com/in/ronan-passemard-a04a335,Co-Founder and CEO - Independant Tenant Rep.,Paris,France,Aliott,verified,54a3ff677468692fa221e723
CONSEIL,secteur_hors_cible,ludovic.oliveira@sltravaux.fr,Ludovic,Oliveira,SL Travaux Conseils,http://www.sltravaux.fr,http://www.linkedin.com/in/ludovic-oliveira-439b75230,Co-founder,Limoges,France,SL Travaux Conseils,verified,6461fd192a5aec000146103d
CONSEIL,secteur_hors_cible,francois@murmur-reemploi.com,Francois,Pigeon,murmur réemploi,http://www.murmur-reemploi.com,http://www.linkedin.com/in/fran%c3%a7ois-pigeon,Co-founder,Rennes,France,murmur réemploi,verified,6704e7ac54202e0001501ba9
CONSEIL,secteur_hors_cible,pierre.padilla@n-able.io,Pierre,Padilla,N-Able,http://www.n-able.io,http://www.linkedin.com/in/pierrepadillartdi,Founder,,France,N-ABLE,verified,66f712d4ee739400011d16ae
CONSEIL,secteur_hors_cible,yves-paul.robert@plead.fr,Yves-Paul,Robert,Plead,http://www.plead.fr,http://www.linkedin.com/in/yves-paul-robert-477556a,Founder,,France,PLEAD,verified,54eb7b7774686931b847ce13
CONSEIL,secteur_hors_cible,jl.waucquez@yoursadvisory.com,Jean-Louis,Waucquez,Yours Advisory,http://www.yoursadvisory.com,http://www.linkedin.com/in/jean-louis-waucquez-4462202,Founder,Brussels,Belgium,YOURS ADVISORY - Business & Family Advisory,verified,6123923fb31bb00001ce2e43
CONSEIL,secteur_hors_cible,njeugna@vitrineafricaine.com,Richepin,Njeugna,Vitrine Africaine,http://www.vitrineafricaine.com,http://www.linkedin.com/in/richepinnjeugna,Co-founder,Brussels,Belgium,VITRINE AFRICAINE,verified,57dea2f1a6da987ae8cd7e3b
CONSEIL,secteur_hors_cible,plateforme@omendo.com,Plateforme,Seed,Omendo,http://www.omendo.com,http://www.linkedin.com/in/plateformeseed,Founder,Paris,France,OMENDO,verified,61b4b0b341e9330001214865
CONSEIL,secteur_hors_cible,jean-hugues.bancaud@paid.fr,Jean-Hugues,Bancaud,PAID,http://www.paid.fr,http://www.linkedin.com/in/jbancaud,Founder,Paris,France,PAID,verified,609e16fd8d850800017b1287
CONSEIL,secteur_hors_cible,jc.sergy@nexco-portage.fr,Jean-Christophe,Sergy,Nexco Portage Entrepreneurial,http://www.nexco-portage.fr,http://www.linkedin.com/in/jean-christophe-sergy-904123aa,Co-founder,Marcy-l'Etoile,France,Nexco Portage Entrepreneurial,verified,54c18e127468697af78b7821
CONSEIL,secteur_hors_cible,charlotte@agencewinch.com,Charlotte,Gandolfo,Winch,http://www.agencewinch.com,http://www.linkedin.com/in/charlottegandolfo,Founder,Megeve,France,WINCH,verified,54a3a92b7468692abf3b4a08
CONSEIL,secteur_hors_cible,jonathan@coline.care,Jonathan,Boudault,Coline.care,http://www.coline.care,http://www.linkedin.com/in/jonathanboudault,Co-founder,,France,Coline.care,verified,60e5e581dcca5c0001c50f02
CONSEIL,secteur_hors_cible,claire@ateliermilky.com,Claire,Marnette,Atelier Milky,http://www.ateliermilky.com,http://www.linkedin.com/in/claire-marnette-04476783,Founder,Brussels,Belgium,Atelier Milky,verified,66fb9332c2e818000116f083
CONSEIL,secteur_hors_cible,olivier.thirifays@bxventures.com,Olivier,Thirifays,BXVentures,http://www.bxventures.com,http://www.linkedin.com/in/olivierthirifays,Co-Founder,Brussels,Belgium,BXVentures,verified,644bbb4fc8a44e00013b4099
CONSEIL,secteur_hors_cible,alexandra@nesta-portage.fr,Alexandra,Freyberger,NESTA Portage,http://www.nesta-portage.com,http://www.linkedin.com/in/alexandra-freyberger-600a211b8,Co-founder,Fonsorbes,France,NESTA Portage,verified,60d43dd2b39f460001534ace
CONSEIL,secteur_hors_cible,sacha@1144.fr,Sacha,Reusa,1144,http://www.1144.fr,http://www.linkedin.com/in/sacha-reusa,Co-founder,Lyon,France,1144,verified,61a1dcbfb8766f00012fc0c9
CONSEIL,secteur_hors_cible,hubert@wilift.fr,Hubert,Martin,Wilift,http://www.wilift.fr,http://www.linkedin.com/in/hubert-martin-0ba05450,Co-Founder,,France,WILIFT,verified,66f1089019511200011f67f2
CONSEIL,secteur_hors_cible,elise.maj@feelgood-portage.fr,Elise,Maj,Feelgood Portage,http://www.feelgood-portage.fr,http://www.linkedin.com/in/elise-maj-68192335,Co-founder,Lille,France,FEELGOOD PORTAGE,verified,55cc7f50f3e5bb3944001d34
CONSEIL,secteur_hors_cible,elise.roscillo@igdoc.fr,Elise,Roscillo,IGDoc,http://www.igdoc.fr,http://www.linkedin.com/in/elise-roscillo-a6b13497,Co-founder,Versailles,France,IGDoc,verified,54a6f1ef7468696b7f97b606
CONSEIL,secteur_hors_cible,nathandurroux@dupsy.fr,Nathan,Durroux,Dupsy,http://www.dupsy.fr,http://www.linkedin.com/in/nathan-durroux,Co-founder,Paris,France,Dupsy,verified,66f7ef2eeee1360001a932bd
CONSEIL,secteur_hors_cible,l.naim@nsassocies.com,Laurent,Naim,NS Associés,http://www.nsassocies.com,http://www.linkedin.com/in/laurent-na%c3%afm-2a174329,Founder,Paris,France,NS Associés (Naïm Steinmetz & Associés),verified,57da3e1ea6da984a8cdad90d
CONSEIL,secteur_hors_cible,eric@boryl.io,Eric,Debourg,Boryl,http://www.boryl.fr,http://www.linkedin.com/in/ericdebourg,Co-Founder,Paris,France,BORYL,verified,66fe92f270d2350001393cf0
CONSEIL,secteur_hors_cible,fabrice.gouennou@maitrea.fr,Fabrice,Gouennou,Maitréa,http://www.maitrea.fr,http://www.linkedin.com/in/fabrice-gouennou-324690100,Co-founder,Brest,France,Maitréa,verified,57dc1387a6da986893a305ea
CONSEIL,secteur_hors_cible,thierry@lesentremetteurs.fr,Thierry-Olivier,Toutain,Les Entremetteurs,http://www.les-entremetteurs.fr,http://www.linkedin.com/in/thierry-toutain-entremetteur,Co-founder,Paris,France,Les Entremetteurs,verified,54a74f6874686975f807e528
CONSEIL,secteur_hors_cible,didier@egrego.fr,Didier,Getto,Egrego,http://www.egrego.fr,http://www.linkedin.com/in/didier-getto,Co-founder,Metz,France,Egrego⚡,verified,65360df09e5d860001e83d62
CONSEIL,secteur_hors_cible,js@ousontlesdragons.fr,Joachim,Savin,Où sont les Dragons,http://www.ousontlesdragons.fr,http://www.linkedin.com/in/joachim-savin,Co-founder,Aix-en-Provence,France,Où sont les Dragons,verified,55e35dd9f3e5bb7ac8001fd5
CONSEIL,secteur_hors_cible,m.gamba@insidevents.com,Matteo,Gamba,Insidevents,http://www.insidevents.com,http://www.linkedin.com/in/matteo-gamba-2097a566,Co-Founder,Roquebrune-Cap-Martin,France,INSIDEVENTS,verified,54a46af274686936767cc645
CONSEIL,secteur_hors_cible,alexis@arnaudetalexis.com,Alexis,Choukroun,Arnaud & Alexis,http://www.arnaudetalexis.com,http://www.linkedin.com/in/alexis-choukroun,Co-founder,Paris,France,Arnaud & Alexis,verified,65ecab202aa5c7000748b617
CONSEIL,secteur_hors_cible,bfinas@jolasolutions.com,Bernard,Finas,Tangency Capital,http://www.tangencycapital.com,http://www.linkedin.com/in/bernard-finas,Senior Underwriting Actuary,Paris,France,Tangency Capital Ltd.,verified,607ed37c17e8110001e58303
CONSEIL,secteur_hors_cible,clement@perroquet.eu,Clement,Catherine,Perroquet,http://www.perroquet.eu,http://www.linkedin.com/in/cl%c3%a9ment-catherine,Founder,Marseille,France,Perroquet,verified,6988682f7852940001c9fdcd
CONSEIL,secteur_hors_cible,thomas.rietsch@shoopcity.com,Thomas,Rietsch,Shoop City,http://www.shoopcity.com,http://www.linkedin.com/in/thomas1rietsch,Co-founder,Paris,France,SHOOP CITY,verified,60c2b6da276ee000018bb63d
CONSEIL,secteur_hors_cible,helene@bomscore.fr,Helene,Ouyang,BOM,http://www.bomscore.fr,http://www.linkedin.com/in/heleneouyang,Founder,,France,BOM - Because Occupants Matter,verified,6322a57203233d0001f72676
CONSEIL,secteur_hors_cible,vincent.flament@valorizesolutions.com,Vincent,Flament,Valorize Solutions,http://www.valorizesolutions.com,http://www.linkedin.com/in/flamentvincent,"Founder, Managing Director & Senior Trainer",Brussels,Belgium,Valorize Solutions,verified,55bfdecb7369641743ce2e00
CONSEIL,verticale_brulee,christian.raoul@wiseorga.com,Christian,Raoul,Wiseorga,http://www.wiseorga.com,http://www.linkedin.com/in/christian-raoul-6434a14,Chairman and CEO,Paris,France,WISEORGA,verified,54a49c4f7468693b8c54e354
CONSEIL,secteur_hors_cible,camilla@agenceida.com,Camilla,Louison,IDA,http://www.agenceida.com,http://www.linkedin.com/in/camilla-d-alfonso-louison-120138306,Co-Founder,Paris,France,IDA,verified,66f511fa9138d1000150e0c4
CONSEIL,secteur_hors_cible,hamza@bvtc-conseil.fr,Hamza,Fechtali,Bvtc Conseil,http://www.bvtc.fr,http://www.linkedin.com/in/hamza-fechtali-617340102,Co-founder & Board Member,Paris,France,BVTC CONSEIL,verified,57df8ee0a6da980af0eca7c2
CONSEIL,secteur_hors_cible,thomas.amar@bams-associes.fr,Thomas,Amar,BAMS & Associés,http://www.bams-associes.com,http://www.linkedin.com/in/thomas-amar,Co-founder,Paris,France,BAMS & Associés,verified,66f7cc6b0a0a800001e33c79
CONSEIL,secteur_hors_cible,webert.zele@weddingplan.fr,Webert,Zele,WeddingPlan,http://www.weddingplan.fr,http://www.linkedin.com/in/webertzele,Founder,Paris,France,WeddingPlan,verified,54a3c87a7468693676f16b12
CONSEIL,secteur_hors_cible,jm.cingarlini@solarisq.com,Jean-Marc,Cingarlini,Solarisq,http://www.solarisq.com,http://www.linkedin.com/in/jean-marc-cingarlini-a28486100,Founder,Sautron,France,SOLARISQ,verified,5ae19f85a6da984e02d64001
CONSEIL,secteur_hors_cible,magali.norrito@executiveprofiler.net,Magali,Norrito,Executive Profiler,http://www.executiveprofiler.fr,http://www.linkedin.com/in/norrito,CEO,,France,EXECUTIVE PROFILER,verified,54a1f71974686935be7f5501
CONSEIL,secteur_hors_cible,anne-sophie.vandries@horecafocusgroup.be,Anne-Sophie,Vandries,Horecafocus,http://www.horecafocusgroup.be,http://www.linkedin.com/in/anne-sophie-vandries,CEO Horecafocus Group,Incourt,Belgium,Horecafocus Group,verified,57e1c681a6da98570fbca929
CONSEIL,secteur_hors_cible,jules.coignard@circul-r.com,Jules,Coignard,Circul'R,http://www.circul-r.com,http://www.linkedin.com/in/jules-coignard-1858041a,Co-founder,,France,Circul'R,verified,54aaaeb37468690b75a52612
CONSEIL,secteur_hors_cible,cedric@ralyconseils.com,Cedric,Alves,Raly Conseils,http://www.ralyconseils.com,http://www.linkedin.com/in/c%c3%a9dric-alves-a25856ba,Co-founder,Aix-en-Provence,France,Raly Conseils,verified,66f6caf74bbdca0001a9cf09
CONSEIL,secteur_hors_cible,paul@greenr.link,Paul,Roetig,Greenr,http://www.greenr.link,http://www.linkedin.com/in/paul-r%c3%b6tig-%f0%9f%8d%80-3086631b,Co-Founder,Paris,France,GREENR,verified,63a859489ab9b0000139eae8
CONSEIL,secteur_hors_cible,karine.mavet@lynxee.consulting,Karine,Mavet,Lynxee consulting,http://www.lynxee.consulting,http://www.linkedin.com/in/karine-mavet-8558a4b9,Co Founder,Lyon,France,Lynxee consulting,verified,57df4246a6da980b53df1ddd
CONSEIL,secteur_hors_cible,sguellil@lpafrance.com,Stephane,Guellil,Luxury Partner,http://www.luxurypartnergroup.fr,http://www.linkedin.com/in/stephaneguellil,Founder,Nancy,France,LUXURY PARTNER GROUP,verified,66f107f76d381a0001fe3a9c
CONSEIL,secteur_hors_cible,caroline@coreteam-ao.fr,Caroline,Morancais,Coreteam AO,http://www.coreteam-ao.fr,http://www.linkedin.com/in/carolinemorancais,Founder CEO | Business Development & Communication Expert for Architecture,Paris,France,CORETEAM AO,verified,54a3f0e67468693209d0b11f
CONSEIL,secteur_hors_cible,carine.moitier@cbcommerce.eu,Carine,Moitier,Cross-Border Commerce Europe,http://www.cbcommerce.eu,http://www.linkedin.com/in/cmoitier,Founder,Brussels,Belgium,Cross-Border Commerce Europe,verified,5ff9ed36d850db000151cb5d
CONSEIL,secteur_hors_cible,mieke@circularhub.be,Mieke,Pieters,THE Circular HUB,http://www.thecircularhub.be,http://www.linkedin.com/in/miekepieters,Founder The Circular Hub,Ghent,Belgium,THE CIRCULAR HUB,verified,54a22c157468693fdaaa0c13
CONSEIL,secteur_hors_cible,elise@day-one.co,Elise,Thibault-Gondre,Day One,http://www.day-one.co,http://www.linkedin.com/in/elise-thibault-gondre,Founder,Paris,France,Day One | Entreprise à mission,verified,64241f581274290001a388d6
CONSEIL,secteur_hors_cible,victor@animaux.bar,Victor,Gregoire,Animaux Bars,http://www.animaux.bar,http://www.linkedin.com/in/victor-gr%c3%a9goire-1435059b,Co-Founder,,France,Animaux Bars - Events - Consulting,verified,6719d7a74eb9820001aaf53a
CONSEIL,secteur_hors_cible,christophe@re-packed.com,Christophe,Ryff,Re-Packed,http://www.re-packed.com,http://www.linkedin.com/in/christophe-ryff-0b652a12,Founder,Auxerre,France,RE-PACKED,verified,54c19d227468691639abe429
CONSEIL,secteur_hors_cible,beatrice.degourcuff@companieros.com,Beatrice,Gourcuff,Companieros,http://www.companieros.com,http://www.linkedin.com/in/beatrice-de-gourcuff,Co-founder,Paris,France,Companieros,verified,66366d06de5d5300011d2c29
CONSEIL,secteur_hors_cible,thomas@presentda.be,Thomas,Geers,Presentda,http://www.presentda.be,http://www.linkedin.com/in/thomas-geers-959219100,Founder,Dilbeek,Belgium,Presentda,verified,57dd416da6da987b5199bcb9
CONSEIL,secteur_hors_cible,sebastien.canard@opensuccess.fr,Sebastien,Canard,OpenSuccess,http://www.opensuccess.fr,http://www.linkedin.com/in/sebastien-canard,CEO,Paris,France,OpenSuccess,verified,63dad93d7608250001b09946
CONSEIL,secteur_hors_cible,sbernard-migeon@groupe-fidelio.com,Stephane,Bernard-Migeon,Crowe France,,http://www.linkedin.com/in/sbm-crowe-fidelio,CEO,Paris,France,Crowe France,verified,54a541e97468693b8c91bc89
CONSEIL,secteur_hors_cible,yvesduponselle@xeon-international.com,Yves,Duponselle,Xeon International,http://www.xeon-international.com,http://www.linkedin.com/in/yduponselle,CEO,Rambrouch,Luxembourg,Xeon International,verified,54c1af0374686916398b4735
CONSEIL,secteur_hors_cible,kp@trex.be,Kris,Peetermans,Troostwijk-Roux by Accumin,http://www.trex.be,http://www.linkedin.com/in/kris-peetermans-mrics,CEO,Brussels,Belgium,Troostwijk-Roux by Accumin,verified,57d44724a6da98538e772adc
CONSEIL,secteur_hors_cible,a.meganck@detralytics.eu,Audrey,Meganck,Detralytics,http://www.detralytics.com,http://www.linkedin.com/in/audrey-meganck-35a2946,Chief Executive Officer,Brussels,Belgium,Detralytics,verified,54a4812c74686938acbb2c4d
CONSEIL,secteur_hors_cible,aquibou.doucoure@blockproof.fr,Aquibou,Doucoure,Blockproof,http://www.fcn-data.fr,http://www.linkedin.com/in/aquibou-doucoure-,CEO,Toulouse,France,Blockproof,verified,60fb4acb77e2ff000107c09b
CONSEIL,secteur_hors_cible,damien.fournier@bright.swiss,Damien,Fournier,bright,http://www.bright.swiss,http://www.linkedin.com/in/damienfournier,Co-Fondateur &amp; CEO,Lausanne,Switzerland,bright,verified,5f749af0f50d620001727e23
CONSEIL,secteur_hors_cible,quentin.daviot@eval-lab.com,Quentin,Daviot,Eval-Lab,,http://www.linkedin.com/in/quentin-daviot-35bba792,CEO,Paris,France,EVAL-LAB,verified,57dd3826a6da987b59da48d0
CONSEIL,secteur_hors_cible,michael.mendolia@business-crescendo.com,Michael,Mendolia,Business Crescendo,http://www.business-crescendo.com,http://www.linkedin.com/in/michael-mendolia-477b251,CEO,Paris,France,Business Crescendo,verified,569dc0ebf3e5bb28c800078c
CONSEIL,secteur_hors_cible,paul.heslop@merittas.com,Paul,Heslop,Merittas France,http://www.merittas.fr,http://www.linkedin.com/in/paulheslop1,Managing Partner & Founder,,France,Merittas France,verified,66e46cbb43059500017af35f
CONSEIL,secteur_hors_cible,philippe@wearebrisk.be,Philippe,Versweyveld,we are brisk,http://www.wearebrisk.be,http://www.linkedin.com/in/philippe-versweyveld-151175a,Founder Brisk tax & Finance,Antwerp,Belgium,we are brisk,verified,54a72b3d7468696220efae1b
CONSEIL,secteur_hors_cible,jf.lhomme@isislog.com,Jean-Francois,Lhomme,ISIS Logiciels & Systèmes,http://www.isislog.com,http://www.linkedin.com/in/jflhomme,CEO,Paris,France,ISIS Logiciels & Systèmes (ILS Technologies),verified,60d34002ff761e00014ee892
CONSEIL,secteur_hors_cible,jbduvaud@barony.fr,Jb,Duvaud,Barony,http://www.barony.fr,http://www.linkedin.com/in/jean-baptiste-duvaud,Head of Strategy + Founder of Barony,,France,BARONY,verified,61206615ffb258000184d301
CONSEIL,secteur_hors_cible,anne.everard@50spoons.com,Anne,Everard,50 Spoons,http://www.50spoons.com,http://www.linkedin.com/in/anneeverard,CEO and Inspirational Keynote Speaker,Brussels,Belgium,50 SPOONS,verified,54a574377468692abf722a97
CONSEIL,secteur_hors_cible,fabian@clicktrust-marketing.be,Fabian,Van De Wiele,Clicktrust,http://www.clicktrust.be,http://www.linkedin.com/in/fabian-van-de-wiele-clicktrust,Chief Executive Officer,Brussels,Belgium,Clicktrust,verified,54a44cc3746869367659a13c
CONSEIL,secteur_hors_cible,fkleinbauer@franceretraite.fr,Francoise,Kleinbauer,France Retraite By Diot-Siaci,http://www.franceretraite.fr,http://www.linkedin.com/in/fran%c3%a7oise-kleinbauer-9809b865,CEO,Paris,France,France Retraite By Diot-Siaci,verified,54a4af737468692cf09f135b
CONSEIL,secteur_hors_cible,samop@samop.fr,Entreprise,Samop,Samop,http://www.samop.fr,http://www.linkedin.com/in/entreprise-samop-14068038,CEO,,France,SAMOP,verified,69ee2f96f5439e0001f3c1be
CONSEIL,secteur_hors_cible,remi@enogrid.com,Remi,Bastien,Enogrid,http://www.enogrid.com,http://www.linkedin.com/in/r%c3%a9mi-bastien,Cofondateur & Président,Paris,France,Enogrid,verified,6706591898dd0f000102f882
CONSEIL,secteur_hors_cible,ellen.neirynck@fenixconsulting.be,Ellen,Neirynck,FENIX Consulting,http://www.fenixconsulting.be,http://www.linkedin.com/in/neirynckellen,CEO,Londerzeel,Belgium,FENIX Consulting,verified,617f9845fbc53c0001a71f6d
CONSEIL,secteur_hors_cible,lieven.cornelis@alertmc.com,Lieven,Cornelis,Alert Management Consultants,http://www.alertmc.com,http://www.linkedin.com/in/lieven-cornelis-16235737,CEO,Brussels,Belgium,Alert Management Consultants,verified,54a1277f69702dc841353c00
CONSEIL,secteur_hors_cible,arnaud@windoo.fr,Arnaud,Varnier,Windoo,http://www.windoo.fr,http://www.linkedin.com/in/arnaud-varnier-b85547109,CEO,Paris,France,Windoo,verified,56654feda6da987f5c00a40f
CONSEIL,secteur_hors_cible,anthony.beaudier@globalvision-innov.fr,Anthony,Beaudier,Global Vision,http://www.globalvision-innov.fr,http://www.linkedin.com/in/anthonybeaudier,CEO,Lille,France,Global Vision,verified,54a3b3547468693b8c1ece0b
CONSEIL,secteur_hors_cible,pierre-alexis@dups.be,Pierre-Alexis,Leonard,dups,http://www.dups.be,http://www.linkedin.com/in/p-aleonard,CEO,Brussels,Belgium,dups,verified,692042d3ad3e4100012eed0f
CONSEIL,secteur_hors_cible,patrick@resolvus.be,Patrick,Descamps,Resolvus,http://www.resolvus.be,http://www.linkedin.com/in/patrick-descamps-resolvus,Partner & Founder,Sint-Martens-Latem,Belgium,Resolvus,verified,667aa9e9876c5f0001f483cc
CONSEIL,secteur_hors_cible,arthur.philippe@jobmaker.fr,Arthur,Philippe,Jobmaker,http://www.jobmaker.fr,http://www.linkedin.com/in/arthur-philippe1,"CEO, Investor",Menestreau-en-Villette,France,Jobmaker SA,verified,54a536227468692cf020de85
CONSEIL,secteur_hors_cible,nicole.huyghe@boobook.world,Nicole,Huyghe,boobook,http://www.boobook.world,http://www.linkedin.com/in/nicole-huyghe,CEO,Ghent,Belgium,boobook,verified,54c20ba37468697af7a53b72
CONSEIL,secteur_hors_cible,arnaud.alavant@aedificem.fr,Arnaud,Alavant,Aedificem,http://www.aedificem.fr,http://www.linkedin.com/in/arnaud-alavant-8b511749,"Fondateur, Président",Reims,France,AEDIFICEM,verified,54a5e17e7468692abfe161b0
CONSEIL,secteur_hors_cible,werner.muesch@adc-group.net,Werner,Muesch,ADC Group Consulting,http://www.adc-group.net,http://www.linkedin.com/in/werner-m%c3%bcsch-41b6b9b1,CEO &amp; Certified Accountant,Saint Vith,Belgium,ADC Group Consulting,verified,57db1ab8a6da984ba4588d02
CONSEIL,secteur_hors_cible,m.reyno-dalle@fiscalead.com,Marcie,Reyno-Dalle,Fiscalead,http://www.fiscalead.com,http://www.linkedin.com/in/marcie-reyno-dalle-74154719,CEO,Paris,France,FISCALEAD,verified,5ee41337cf622a0001c00173
CONSEIL,secteur_hors_cible,alexandre@hellocfo.io,Alexandre,Gonzales-Largent,hellocfo.io,http://www.hellocfo.io,http://www.linkedin.com/in/alexandregonzales,Founder - Hellocfo.io,Paris,France,hellocfo.io,verified,60f70aadb53b0e000162922c
CONSEIL,secteur_hors_cible,yann.chevalier@altitude-conseil.com,Yann,Chevalier,Altitude Conseil,,http://www.linkedin.com/in/yann-chevalier-b250b875,CEO,Megeve,France,Altitude Conseil,verified,57d6e6a7a6da985415e5465e
CONSEIL,secteur_hors_cible,eberseth@philanthropyadvisors.org,Eric,Berseth,Philanthropy Advisors,http://www.philanthropyadvisors.org,http://www.linkedin.com/in/eric-berseth-9b435319,CEO / Managing Partner,Paris,France,PHILANTHROPY ADVISORS,verified,54a3a9ee74686938ac87f908
CONSEIL,secteur_hors_cible,sebastien@moovee.lu,Sebastien,Berthelot,Moovee Mobility,http://www.moovee-mobility.com,http://www.linkedin.com/in/sberthelot,CEO,,Luxembourg,Moovee Mobility,verified,5df756b36a30680001e51994
CONSEIL,secteur_hors_cible,google@thelist.media,Nicolas,Smet,The List Media,http://www.thelistmedia.be,http://www.linkedin.com/in/nicolas-de-smet-3939246b,CEO,Knokke-Heist,Belgium,The List Media,verified,66fc721926fede0001810171
CONSEIL,secteur_hors_cible,hamid.chehade@princeps.com,Hamid,Chehade,Princeps,http://www.princeps.com,http://www.linkedin.com/in/hamid-chehade-63244a7,CEO,Paris,France,Princeps,verified,602aa8d725b7f500019432b5
CONSEIL,secteur_hors_cible,fosse.antoine@nova-link-consulting.fr,Antoine,Fosse,Nova-Link,http://www.nova-link-consulting.fr,http://www.linkedin.com/in/antoine-foss%c3%a9-134b06115,Gérant - Fondateur,Nantes,France,NOVA-LINK,verified,66f0338817036d0001e82dc2
CONSEIL,secteur_hors_cible,alainperrot@valueteam.fr,Alain,Perrot,Value Games,http://www.value.games,http://www.linkedin.com/in/alainperrot,"Founder, Chairman",Strasbourg,France,VALUE GAMES,verified,6037ec084a0a8300018ba45a
CONSEIL,secteur_hors_cible,patrick.depauw@vitaminsatwork.be,Patrick,Pauw,Vitamins,http://www.vitaminsatwork.be,http://www.linkedin.com/in/patrickdepauw,CEO,Vilvoorde,Belgium,Vitamins,verified,5ffa23feaa020b0001bad0d9
CONSEIL,secteur_hors_cible,,Marwan,Saidi,Saffox,http://www.saffox.fr,http://www.linkedin.com/in/marwansaidi,CEO,Paris,France,SAFFOX,unavailable,60d2833fe272ef0001b0599b
CONSEIL,secteur_hors_cible,saber.othmani@dpoption.fr,Saber,Othmani,DPOption,http://www.dpoption.fr,http://www.linkedin.com/in/saber-othmani-5a460a107,Data Privacy & AI Consultant - CEO & Founder,,France,DPOption,verified,67442abd46b63a0001a779c1
CONSEIL,secteur_hors_cible,a.rompler@creative-district.be,Aurelie,Rompler,Creative District Brussels,http://www.creative-district.be,http://www.linkedin.com/in/aurelie-rompler,Chief Executive Officer,Brussels,Belgium,Creative District Brussels,verified,5c642bf6f65125697399eb0e
CONSEIL,secteur_hors_cible,m.lenevez@elemenrh.fr,Mathieu,Nevez,Elemen,http://www.elemenrh.fr,http://www.linkedin.com/in/mathieu-le-nevez-1b76a546,Directeur Général et Fondateur SARL Elemen,,France,Elemen,verified,54a206017468692e71283506
CONSEIL,secteur_hors_cible,emmanueldsb@roxane.digital,Emmanuel,Saint-Bon,Roxane,http://www.roxane.community,http://www.linkedin.com/in/emmanueldesaintbon,Founder and General Manager,Paris,France,Roxane,verified,66f613c22e45b800015d3cc7
CONSEIL,secteur_hors_cible,marc@agence-copernic.fr,Marc,Chemoul,Copernic,http://www.agence-copernic.fr,http://www.linkedin.com/in/marc-ben-chemoul,CEO,Paris,France,Copernic,verified,66eddd29355bc2000123c0d1
CONSEIL,secteur_hors_cible,thibaut@explicites.net,Thibaut,Vullin,ExpliCités Urba,http://www.explicites.net,http://www.linkedin.com/in/thibaut-vullin-835431122,Fondateur Gérant,Lille,France,ExpliCités Urba,verified,57d75d5da6da985bbf0b55b8
CONSEIL,secteur_hors_cible,mguenoune@pearson-consulting.fr,Mohammed,Guenoune,PEARSON Consulting,http://www.pearson-consulting.fr,http://www.linkedin.com/in/mohammed-guenoune-08369a82,CEO,Lyon,France,PEARSON Consulting,verified,57d9a268a6da98724a5becb7
CONSEIL,secteur_hors_cible,a.baron@adequancy.com,Anthony,Adequancy,Adequancy,http://www.adequancy.com,http://www.linkedin.com/in/anthony-baron-adequancy,CEO,Paris,France,ADEQUANCY | Management de transition,verified,6866524a6467a9000111fbf1
CONSEIL,secteur_hors_cible,wout.deridder@dealadvisor.be,Wout,Ridder,Deal Advisor,http://www.dealadvisor.be,http://www.linkedin.com/in/wout-de-ridder-42394230,Partner,,Belgium,Deal Advisor,verified,5f49064a8bb9860001ff0448
CONSEIL,secteur_hors_cible,luc@lunasolpolaris.be,Luc,Synaeghel,Lunasol Polaris,http://www.lunasolpolaris.be,http://www.linkedin.com/in/luc-synaeghel-04945071,CEO,Middelkerke,Belgium,Lunasol Polaris,verified,54a6e72a7468696de744cc02
CONSEIL,secteur_hors_cible,jandre@medianeconseil.com,Julien,Andre,Mediane Conseil,http://www.medianeconseil.com,http://www.linkedin.com/in/julien-andre-736a506,CEO,Nantes,France,Mediane Conseil,verified,54a4533c74686938ac18ec3e
CONSEIL,secteur_hors_cible,lraffin@nrh-ressourceshumaines.com,Latra,Lraffin,NRH Ressources Humaines,http://www.nrh-ressourceshumaines.fr,http://www.linkedin.com/in/latra-lraffin-48775283,CEO,Saint-Didier-au-Mont-d'Or,France,NRH Ressources Humaines,verified,61a5c92ea6985c00016deb94
CONSEIL,secteur_hors_cible,emilie@spike.partners,Emilie,Noel,Spike,http://www.spike.partners,http://www.linkedin.com/in/noelemilie,Partner and Co-founder,,France,Spike,verified,54ec03537468694311b1a33d
CONSEIL,secteur_hors_cible,eneveu@bossman-consultants.com,Eric,Neveu,Bossman Consultants,http://www.bossman-consultants.com,http://www.linkedin.com/in/eric-neveu-95157226,"Directeur Associé, Co-Fondateur, Gérant",,France,Bossman Consultants,verified,54a6fe247468696b7fb4220b
CONSEIL,secteur_hors_cible,arnaud.duhot@joconderetraite.com,Arnaud,Duhot,JOCONDE Retraite,http://www.joconderetraite.com,http://www.linkedin.com/in/arnaud-duhot-02a191a4,Owner & Founder,Lyon,France,JOCONDE Retraite,verified,54c21b81746869163931ae79
CONSEIL,secteur_hors_cible,maria.makarova@f31.com,Maria,Makarova,F31,http://www.f31.com,http://www.linkedin.com/in/maria-makarova-a915962a,CEO,Paris,France,F31,verified,60c06f0c7ddae90001cb4cc4
CONSEIL,secteur_hors_cible,fhartstein@lid-consulting.com,Frederic,Hartstein,LID,http://www.lid-consulting.fr,http://www.linkedin.com/in/fr%c3%a9d%c3%a9ric-hartstein-a1937210,C.E.O.,Paris,France,LID,verified,685bcdf7fd8f4e0001165ec8
CONSEIL,secteur_hors_cible,axelle.b@marvingt.com,Axelle,Benamran,Marvingt,http://www.marvingt.com,http://www.linkedin.com/in/axelle-benamran-719054b8,CEO,Strasbourg,France,Marvingt,verified,57def051a6da987b015e2856
CONSEIL,secteur_hors_cible,mw@federation-courtage.com,Mathieu,Wauquier,Fédération,http://www.federation-courtage.com,http://www.linkedin.com/in/mathieu-wauquier-35b31643,CEO,Paris,France,Fédération,verified,68ecd58746087f0001bfb2a0
CONSEIL,secteur_hors_cible,remi.bosc@arethuse.com,Remi,Bosc,Arethuse Geology,http://www.arethusegeology.com,http://www.linkedin.com/in/remi-bosc-8079311b,General Manager - Founder,Marseille,France,Arethuse Geology,verified,54a5f82774686936767b31b7
CONSEIL,secteur_hors_cible,olivier.baert@rout-in.fr,Olivier,Baert,Rout'in,http://www.rout-in.fr,http://www.linkedin.com/in/olivierbaert,Chief Executive Officer,Paris,France,Rout'in,verified,60409617a5103200018ba585
CONSEIL,secteur_hors_cible,vincent@corporateregeneration.org,Vincent,Truyens,Corporate Regeneration International,http://www.corporateregeneration.org,http://www.linkedin.com/in/vincenttruyens,Co-Founder & Executive Manager,Brussels,Belgium,Corporate Regeneration International,verified,55714b4573696457cf0c4b00
CONSEIL,secteur_hors_cible,anna.limbrey@challoch-energy.com,Anna,Limbrey,Challoch Energy,http://www.challoch-energy.com,http://www.linkedin.com/in/anna-limbrey-a58729b,Director (and Founder),La Hulpe,Belgium,Challoch Energy,verified,54a522c97468692cf059e77f
CONSEIL,secteur_hors_cible,tim.janssen@solcur.com,Tim,Janssen,SolCur,http://www.solcur.com,http://www.linkedin.com/in/janssent,Founder & Director,Brussels,Belgium,SolCur,verified,54aa6d7274686908c85dea04
CONSEIL,secteur_hors_cible,etirlemont@ekempartners.com,Eric,Tirlemont,EKEM Partners,http://www.ekempartners.com,http://www.linkedin.com/in/tirlemont,Partner and Co-founder,Paris,France,EKEM Partners,verified,5ffab8e9aa020b0001c7510a
CONSEIL,secteur_hors_cible,swajskop@careersinternational.com,Stephane,Wajskop,Careers International,http://www.careersinternational.com,http://www.linkedin.com/in/stephanewajskop,CEO,Brussels,Belgium,Careers International,verified,67694bcd371f8d0001008134
CONSEIL,secteur_hors_cible,davney.bavoueza@dfb.digital,Davney,Bavoueza,DFB,http://www.dfb.digital,http://www.linkedin.com/in/davney-bavoueza,CEO,Paris,France,DFB,verified,66f582c96ee25b0001d3204b
CONSEIL,secteur_hors_cible,olivier.maier@naceol.fr,Olivier,Maier,Naceol,http://www.naceol.co,http://www.linkedin.com/in/oliviermaier,CEO,Charavines,France,NACEOL,verified,6816e6e6bb9e4f00014cc565
CONSEIL,secteur_hors_cible,olivier.poujade@eagateholdings.com,Olivier,Poujade,East Africa Gate,http://www.eastafricagate.com,http://www.linkedin.com/in/olivierpoujade,Founder & Chairman,Paris,France,East Africa Gate (EAGate),verified,54a63d8a7468693209b3b4cd
CONSEIL,secteur_hors_cible,marie@oncapital.vc,Marie-Vincente,Beau,On.Capital,http://www.oncapital.vc,http://www.linkedin.com/in/marie-vincente-beau-04a163150,Associate CoFounder,,France,On.Capital,verified,6558cc8124f0f00001c91f61
CONSEIL,secteur_hors_cible,alexandre.cuvelier@archilog.net,Alexandre,Cuvelier,Archilog,http://www.archilog.net,http://www.linkedin.com/in/alexandre-cuvelier,CEO,Eguilles,France,Archilog,verified,634646e11f5dec00019397a7
CONSEIL,secteur_hors_cible,cmartini@zeliade.com,Claude,Martini,Zeliade Systems,http://www.zeliade.com,http://www.linkedin.com/in/claude-martini,CEO,Paris,France,Zeliade Systems,verified,67a0dc09aeae0f00018576d2
CONSEIL,secteur_hors_cible,anne.souetre@expleo.online,Anne,Souetre,expleo,http://www.expleo.online,http://www.linkedin.com/in/annesouetre,Founder and Leader,Montpellier,France,expleo,verified,54a4ea3f74686938acbfca6d
CONSEIL,secteur_hors_cible,melvyn.chatelain@atlasenergies.fr,Melvyn,Chatelain,Atlas énergies,http://www.atlasenergies.fr,http://www.linkedin.com/in/melvyn-chatelain-289b64194,CEO,Paris,France,Atlas énergies,verified,60cb50c2a6069b00015948e7
CONSEIL,secteur_hors_cible,katelijn@howswork.be,Katelijn,Nijsmans,How's Work,http://www.howswork.be,http://www.linkedin.com/in/katelijnnijsmans,CEO,Antwerp,Belgium,How's Work,verified,607bdb85982e630001227c63
CONSEIL,secteur_hors_cible,adrien@digital64.fr,Adrien,Lamaziere,Digital 64,http://www.digital64.fr,http://www.linkedin.com/in/adrienwiesenbachdelamaziere,CEO of Digital 64,Saint-Jean-de-Luz,France,Digital 64,verified,66f581d96ee25b0001d2d282
CONSEIL,secteur_hors_cible,mathieu.mottrie@creax.com,Mathieu,Mottrie,Creax,http://www.creax.com,http://www.linkedin.com/in/mathieumottrie,CEO,Holsbeek,Belgium,Creax,verified,54a261a97468693a7ebea81e
CONSEIL,secteur_hors_cible,farouk.rezgui@rrcworld.com,Farouk,Rezgui,RRC Worldwide,http://www.rrcworld.com,http://www.linkedin.com/in/farouk-rezgui-68465b4,Associate Founder,Paris,France,RRC Worldwide,verified,57165143f3e5bb429239ea83
CONSEIL,secteur_hors_cible,loic.laine@cenolia.com,Loic,Laine,Cenolia Portage,http://www.cenolia-portage.fr,http://www.linkedin.com/in/lo%c3%afc-lain%c3%a9-51547148,CEO,Bourges,France,CENOLIA PORTAGE,verified,5cbd238680f93e49affea111
CONSEIL,secteur_hors_cible,benoit.agnus@scienteama.com,Benoit,Agnus,Scienteama,http://www.scienteama.com,http://www.linkedin.com/in/benoit-agnus-40414a20,CEO Scienteama (membre Filière NAE),,France,SCIENTEAMA,verified,54ebf59f7468694311940e33
CONSEIL,secteur_hors_cible,chloe.chardon@bascule.me,Chloe,Chardon,bascule,http://www.bascule.me,http://www.linkedin.com/in/chloechardon,CEO,Paris,France,bascule.,verified,609a0c4499120100016622a2
CONSEIL,secteur_hors_cible,dominique.delferriere@maninfo.be,Dominique,Delferriere,Normec CertUp Belgium,,http://www.linkedin.com/in/dominiquedelferriere,Co-Founder and Director,Brussels,Belgium,Normec CertUp Belgium,verified,54ec4c7d746869444c8b1f7a
CONSEIL,secteur_hors_cible,monique.cumin@seedlings-transition.com,Monique,Cumin,Seedlings entreprise à mission,http://www.seedlings-transition.com,http://www.linkedin.com/in/moniquecumin,"Co-founder and Managing Director, Organisation Coach",Paris,France,Seedlings entreprise à mission,verified,54a4d0ad7468693676676065
CONSEIL,secteur_hors_cible,slim.lajdel@ecmconsulting.lu,Slim,Lajdel,ECMConsulting Luxembourg,http://www.ecmconsulting.lu,http://www.linkedin.com/in/slim-lajdel-31411751,Founder ECMConsulting,,Luxembourg,ECMConsulting Luxembourg,verified,65ddc6f9456464000178601d
CONSEIL,secteur_hors_cible,jy.lontie@rhizome-network.com,Jean-Yves,Lontie,Rhizome Network,http://www.rhizome-network.com,http://www.linkedin.com/in/jean-yves-lontie-6490bb126,Chief Executive Officer,Brussels,Belgium,Rhizome Network,verified,62f66b8532a5940001cb8ad1
CONSEIL,secteur_hors_cible,nathalie@arteel.com,Nathalie,Arteel,Arteel,http://www.arteel.com,http://www.linkedin.com/in/nathalie-arteel,Founder Rise Beyond Limits,Rotselaar,Belgium,Arteel,verified,66f5bf080895ac0001fdef07
CONSEIL,secteur_hors_cible,jllibert@libert-consulting.com,Jean-Luc,Libert,Libert Consulting,http://www.libert-consulting.com,http://www.linkedin.com/in/jean-luc-libert-35246810b,Gérant - Fondateur,Paris,France,Libert Consulting,verified,60ec1b5dbe44ae00014897ea
CONSEIL,secteur_hors_cible,virginie.gendrot@protourisme.com,Virginie,Gendrot,Protourisme,http://www.protourisme.com,http://www.linkedin.com/in/virginie-gendrot-958826a3,CEO,Vannes,France,Protourisme,verified,57df8622a6da980b53e09d37
CONSEIL,secteur_hors_cible,m.homan@telenet.be,Maurits,Homan,YouCap,http://www.youcap.be,http://www.linkedin.com/in/maurits-homan-b4a8341a,Founder/zaakvoerder,Antwerp,Belgium,YouCap,verified,66fb5108a187f30001290442
CONSEIL,secteur_hors_cible,nawfal@mateerz.com,Nawfal,Laghzali,Mateerz,http://www.mateerz.com,http://www.linkedin.com/in/nawfal-laghzali,CEO,Paris,France,Mateerz,verified,5f178c0b8ca4c000019f0135
CONSEIL,secteur_hors_cible,pierre.sohet@dgst.be,Pierre,Sohet,DGST & Partners,http://www.dgst.be,http://www.linkedin.com/in/pierre-sohet-79b05935,Founder/Owner - Managing Partner,Namur,Belgium,DGST & Partners - Réviseurs d'entreprises,verified,6898e276b9aecf00010fbfbe
CONSEIL,secteur_hors_cible,julien@arkee.fr,Julien,Pottier,Arkée,http://www.arkee.fr,http://www.linkedin.com/in/julienpottier,CEO,Paris,France,Arkée | Jaws Group,verified,54a62f1d7468693442e2ddc8
CONSEIL,secteur_hors_cible,dave.geentjens@cingulum.eu,Dave,Geentjens,Cingulum,http://www.cingulum.eu,http://www.linkedin.com/in/davegeentjens,Chief Executive Officer,Brussels,Belgium,Cingulum,verified,54a533977468693442290a85
CONSEIL,secteur_hors_cible,joke.oosters@trustforbusiness.com,Joke,Oosters,Trust for Business,http://www.trustforbusiness.com,http://www.linkedin.com/in/jokeoosters,Founder & Trainer,Antwerp,Belgium,Trust for Business,verified,54a415537468692cf062f22a
CONSEIL,secteur_hors_cible,charlotte.szkorodenszky@sobre-energie.com,Charlotte,Szkorodenszky,Sobre Energie,http://www.sobre-energie.com,http://www.linkedin.com/in/charlotte-szkorodenszky-80aa3720,CEO,La Celle-Saint-Cloud,France,Sobre Energie,verified,54a414197468692cf0aa912a
CONSEIL,secteur_hors_cible,m.dumoulin@irisco.eu,Marion,Dumoulin,Irisco,http://www.irisco.eu,http://www.linkedin.com/in/marion-dumoulin-19359357,CEO,Angers,France,IRISCO,verified,54a1382d69702d78956d3200
CONSEIL,secteur_hors_cible,sebastien.deligniere@uman-partners.com,Sebastien,Deligniere,Uman Partners,http://www.uman-partners.com,http://www.linkedin.com/in/sebastiendeligniere,Partner & Founder,Paris,France,Uman Partners,verified,54a1d9e47468694012032a15
CONSEIL,secteur_hors_cible,jan.baert@dcwise.eu,Jan,Baert,DCwise,http://www.dcwise.eu,http://www.linkedin.com/in/janbaert1,Co-Founder DCwise,Brussels,Belgium,DCwise,verified,60ab52460d4ee90001f3f164
CONSEIL,secteur_hors_cible,fs@lea-partners.com,Florent,Saclier,LEA Partners,http://www.lea-partners.com,http://www.linkedin.com/in/florentsaclier,CEO,Paris,France,LEA Partners,verified,54a1cbbd7468695860189d11
CONSEIL,secteur_hors_cible,wout.goossens@jigso.com,Wout,Goossens,JiGSO,http://www.jigso.com,http://www.linkedin.com/in/wout~goossens,CEO,Antwerp,Belgium,JiGSO,verified,5f5df2b3c4f42300016c7e49
CONSEIL,secteur_hors_cible,justine@publicstudio.fr,Justine,Ba,Pronoia,http://www.wearepronoia.fr,http://www.linkedin.com/in/justineba,Chief Executive Officer,,France,Pronoia,verified,57d956dda6da9872327bb1b8
CONSEIL,secteur_hors_cible,nabila.zeriati@zskep-consulting.fr,Nabila,Zeriati,ZS & KEP Consulting,http://www.zskep-consulting.fr,http://www.linkedin.com/in/nabila-zeriati-37043928,Founder and Director - Recruitment and Placement,Marseille,France,ZS & KEP CONSULTING,verified,557074077369645c69041500
CONSEIL,secteur_hors_cible,arto@websters.be,Arto,Vera,Websters,http://www.websters.be,http://www.linkedin.com/in/arto-vera,CEO,Leuven,Belgium,Websters,verified,66fb8df2c2e8180001153054
CONSEIL,secteur_hors_cible,thomas@mushroom.jobs,Thomas,Dufournaud,Mushroom,http://www.mushroom.jobs,http://www.linkedin.com/in/thomas-dufournaud-85b02323,"Co-founder & Partner // Headhunting & Talent Management // Marketing, Communication & Sales Expert",Paris,France,Mushroom,verified,54c201f77468697af731286c
CONSEIL,secteur_hors_cible,thomas@digi-nova.com,Thomas,Braida,Diginova,http://www.digi-nova.com,http://www.linkedin.com/in/thomas-braida,Fondateur | Gérant,Montpellier,France,Diginova,verified,5f4a9156d7feaf0001c5db29
CONSEIL,secteur_hors_cible,sylvain.filon@arewal.be,Sylvain,Filon,Arewal,http://www.arewal.be,http://www.linkedin.com/in/sylvain-filon-21867b31,Chief Executive Officer,Liege,Belgium,AREWAL,verified,54a597c57468692cf0c06b9c
CONSEIL,secteur_hors_cible,clambert@job2bedone.fr,Charles,Lambert,Job2BeDone Partners,http://www.job2bedone-partners.com,http://www.linkedin.com/in/clambert2,CEO,Paris,France,Job2BeDone Partners,verified,54a4de417468693b8cf9b869
CONSEIL,secteur_hors_cible,karine.collaert@faxions.be,Karine,Collaert,faxions,http://www.faxions.be,http://www.linkedin.com/in/karinecollaert,CEO,Brussels,Belgium,faxions,verified,54c2086a7468691639efcd6e
CONSEIL,secteur_hors_cible,wim.coremans@gonogo.eu,Wim,Coremans,GO NOGO Test Management,http://www.gonogo.eu,http://www.linkedin.com/in/wimcoremans,CEO,Brussels,Belgium,GO NOGO Test Management,verified,5fcf6c874d29390001eecff0
CONSEIL,secteur_hors_cible,florent@wefeelgoodrh.com,Florent,Letourneur,We Feel Good,http://www.wefeelgoodrh.com,http://www.linkedin.com/in/letourneurflorent,Fondateur et CEO,Rennes,France,We Feel Good,verified,54a6ea627468696b7fd8ef03
CONSEIL,secteur_hors_cible,bart.buvens@datatune.be,Bart,Buvens,Datatune,http://www.datatune.be,http://www.linkedin.com/in/bartbuvens,Co-Founder Datatune,Sint-Truiden,Belgium,Datatune,verified,685fe1a03cb889000100237a
CONSEIL,secteur_hors_cible,jg@poppaye.fr,Jerome,Guyon,Pop Paye,http://www.poppaye.fr,http://www.linkedin.com/in/jerome-guyon,"Gérant, Fondateur",Nantes,France,Pop Paye,verified,54a9261674686930ad85d40c
CONSEIL,secteur_hors_cible,solenne.blanc@beauxarts.com,Solenne,Blanc,Beaux Arts Consulting,http://www.beauxarts-cie.com,http://www.linkedin.com/in/solenne-blanc-3b0818a,Chief Executive Officer,Paris,France,Beaux Arts Consulting,verified,54abc3c27468692ca157cc0b
CONSEIL,secteur_hors_cible,octave@spade-agency.com,Octave,Gaulle,Spade,http://www.spade-agency.com,http://www.linkedin.com/in/octavespace,Chief Executive Officer,Paris,France,SPADE,verified,563f1189a6da9842b400b490
CONSEIL,secteur_hors_cible,bastien@cityincubator.lu,Bastien,Berg,Luxembourg-City Incubator,http://www.cityincubator.lu,http://www.linkedin.com/in/bastien-berg,CEO,,Luxembourg,Luxembourg-City Incubator,verified,66fabbf9bb67e20001a43475
CONSEIL,secteur_hors_cible,nathalie@a4b.be,Nathalie,Maes,A4B,http://www.a4b.be,http://www.linkedin.com/in/nathalie-maes-43929035,CEO - COO,Waasmunster,Belgium,A4B - Accounting For Business,verified,66f64ebefec61800016a65e8
CONSEIL,secteur_hors_cible,david.echevin@actelior.com,David,Echevin,Actélior,http://www.actelior.fr,http://www.linkedin.com/in/david-echevin-27723aa,CEO,Lyon,France,Actélior,verified,66fac1ffbb67e20001a655f7
CONSEIL,secteur_hors_cible,d.valentin@relais-entreprises.fr,Dominique,Valentin,Relais d'Entreprises,http://www.relais-entreprises.fr,http://www.linkedin.com/in/dominique-valentin-67451132,CEO,Toulouse,France,Relais d'Entreprises,verified,54abef847468692ca1e76817
CONSEIL,secteur_hors_cible,antonin@wecount.io,Antonin,Guy,WeCount,http://www.wecount.io,http://www.linkedin.com/in/antonin-guy-b2aa095a,CEO,Lyon,France,WeCount,verified,54a50f047468692fa237d879
CONSEIL,secteur_hors_cible,bernard.mei@modalis.com,Bernard,Mei,Modalis,http://www.modalis.com,http://www.linkedin.com/in/bernard-me%c3%af-8114953a,"Chef D'entreprise, Modalis",Marseille,France,MODALIS,verified,66f6f8de535ef50001a2003e
CONSEIL,secteur_hors_cible,franck@weareangstrom.com,Franck,Breus,Angström Paris,http://www.weareangstrom.com,http://www.linkedin.com/in/franck-breus,Founder / Managing Director,Paris,France,ANGSTRÖM PARIS,verified,66f827dcae47ef00017ce656
CONSEIL,secteur_hors_cible,jean-yves@webnotoriete.com,Jean-Yves,Delfino,Webnotoriété,http://www.webnotoriete.com,http://www.linkedin.com/in/jean-yves-delfino,CEO,Hyeres,France,Webnotoriété,verified,5d4352dba3ae61829a7aa3dd
CONSEIL,secteur_hors_cible,nicolas.mirek@nim-consulting.com,Nicolas,Mirek,NIM Consulting & Supervision,http://www.nim-consulting.com,http://www.linkedin.com/in/nicolasmirek,CEO,Nice,France,NIM Consulting & Supervision,verified,54ec41ba746869444ca38870
CONSEIL,secteur_hors_cible,gironde@seventic.com,Alexandre,Gironde,Seventic,http://www.seventic.com,http://www.linkedin.com/in/alexandre-gironde-16a3138,CEO,,France,Seventic,verified,66eecb1c14f1ee0001395abe
CONSEIL,secteur_hors_cible,yohan@everycheck.fr,Yohan,Zibi,EveryCheck,http://www.everycheck.com,http://www.linkedin.com/in/yohanzibi,CEO,Paris,France,EveryCheck,verified,64ecb0fe32e3bc0001ccec09
CONSEIL,secteur_hors_cible,d.boutin@inter360.pro,Didier,Boutin,Inter360°,http://www.inter360.pro,http://www.linkedin.com/in/didier-boutin-a3242414,Chief Executive Officer,Paris,France,Inter360° Group,verified,5edf101b074dda0001e05acf
CONSEIL,secteur_hors_cible,jelle.vandegender@demobiliteitsmakelaar.be,Jelle,Van De Gender,De Mobiliteitsmakelaar,http://www.demobiliteitsmakelaar.be,http://www.linkedin.com/in/jelle-van-de-gender-3063666,CEO,Roeselare,Belgium,De Mobiliteitsmakelaar,verified,601814300934cc00014eace1
CONSEIL,secteur_hors_cible,julienmas@goldcircle.io,Julien,Mas,Gold Circle,http://www.goldcircle.io,http://www.linkedin.com/in/julien-mas-91050328,CEO,Marseille,France,Gold Circle,verified,60d513c992abd600018f15e9
CONSEIL,secteur_hors_cible,carine.guillemette@now-consulting.fr,Carine,Guillemette,Now Consulting,http://www.now-consulting.fr,http://www.linkedin.com/in/carineguillemette,CEO / Executive Search & Talent Management,Paris,France,Now Consulting,verified,57e01454a6da980b414db8b3
CONSEIL,secteur_hors_cible,cc@sells.fr,Caroline,Chameau,Sells France,http://www.sells.fr,http://www.linkedin.com/in/caroline-chameau-81b7059b,CEO - Cofondatrice,Bourg-en-Bresse,France,SELLS FRANCE,verified,63a84a2c51a2400001daa468
CONSEIL,secteur_hors_cible,laure.dalbarade@altaide.com,Laure,Dalbarade,Altaïde,http://www.altaide.com,http://www.linkedin.com/in/laure-dalbarade-26353022,CEO,Paris,France,Altaïde,verified,54a400207468693b8c29e623
CONSEIL,secteur_hors_cible,j.bicking@elatos.fr,Jens,Bicking,Elatos,http://www.elatos.fr,http://www.linkedin.com/in/jens-bicking-293b684,CEO,Lyon,France,Elatos,verified,54a61b6e7468693442daaec2
CONSEIL,secteur_hors_cible,sandrine.lunven@taceconomics.com,Sandrine,Lunven,TAC Economics,http://www.taceconomics.com,http://www.linkedin.com/in/sandrine-lunven-2a96849,Chief Executive Officer,,France,TAC ECONOMICS,verified,66f6a0dd9c737700010ee94a
CONSEIL,secteur_hors_cible,pmcouturier@dreamcatcher-sales.com,Pierre-Michel,Couturier,Dream Catcher Sales,http://www.dreamcatcher-sales.com,http://www.linkedin.com/in/pierre-michel-couturier,CEO,Paris,France,Dream Catcher Sales,verified,61025c0fa09a97000123a39f
CONSEIL,secteur_hors_cible,alois@novareply.com,Alois,Echard,Nova Reply,http://www.novareply.com,http://www.linkedin.com/in/alois-echard,Co-Founder @NovaReply,Brussels,Belgium,Nova Reply,verified,67249edd67dfbd000152a938
CONSEIL,secteur_hors_cible,laurent.gaboriaud@zuhaitz.fr,Laurent,Gaboriaud,Zuhaitz Solutions,http://www.zuhaitz.fr,http://www.linkedin.com/in/laurent-gaboriaud-0a41044,CEO,Bayonne,France,ZUHAITZ SOLUTIONS,verified,57dfb659a6da980b38c521ce
CONSEIL,secteur_hors_cible,jacques@abokine.com,Jacques,Salmon,Adeena Résidentiel,http://www.abokine.com,http://www.linkedin.com/in/jacques-salmon,Chief Executive Officer,Nantes,France,Adeena Résidentiel,verified,54a2a6a974686935be8ea432
CONSEIL,secteur_hors_cible,jean-baptiste.colin@prisma.green,Jean-Baptiste,Colin,Prisma Advisory,http://www.prisma.green,http://www.linkedin.com/in/jean-baptiste-colin-28939125,Co-Founder & Partner,Paris,France,Prisma Advisory,verified,54a25f4b74686930c215cf1d
CONSEIL,secteur_hors_cible,guillaume.lefebvre@yun-partners.com,Guillaume,Lefebvre,YUN Partners,http://www.yun-partners.com,http://www.linkedin.com/in/guillaume-lefebvre-7ab4b82,CEO,,France,YUN PARTNERS,verified,54a33638746869382509cd5c
CONSEIL,secteur_hors_cible,philippevervier@acceptablesavenirs.eu,Philippe,Vervier,Acceptables Avenirs,http://www.acceptablesavenirs.fr,http://www.linkedin.com/in/philippevervier-aa,CEO,Toulouse,France,Acceptables Avenirs,verified,54a60a7b7468693b8c42d9bd
CONSEIL,secteur_hors_cible,martial.penardille@golfeurs-it.eu,Martial,Penardille,AGITE 1er Club de Golfeurs de l'IT en France,http://www.golfeurs-it.eu,http://www.linkedin.com/in/martialfloucauddelapenardille,Preferred Partner,Paris,France,AGITE 1er Club de Golfeurs de l'IT en France,extrapolated,6093e5a902916e0001117fb9
CONSEIL,secteur_hors_cible,virginie@weave.immo,Virginie,Colonval,Weave,http://www.weave.immo,http://www.linkedin.com/in/virginie-colonval,CEO,Brussels,Belgium,Weave - we drive your build,verified,5ff90f4cfff6f70001667d67
CONSEIL,secteur_hors_cible,lernoux@bbacademy.be,Frederic,Lernoux,BBA,http://www.bbacademy.be,http://www.linkedin.com/in/fredericlernoux,CEO,Brussels,Belgium,BBA - Belgian Bankers Academy,verified,6070d17da92eeb0001126da4
CONSEIL,secteur_hors_cible,ethan.b@neurobase.app,Ethan,Bensoussan,Neurobase,http://www.neurobase.app,http://www.linkedin.com/in/ethan-bensoussan-848bb9178,CEO,,France,Neurobase,verified,66f7f356eee1360001aa8b48
CONSEIL,secteur_hors_cible,olivier.boulay@alaia-advisory.com,Olivier,Boulay,Alaïa Advisory,http://www.alaia-advisory.com,http://www.linkedin.com/in/olivier-boulay-6593b641,Partner & Co-Founder,Paris,France,Alaïa Advisory,verified,55d7f48bf3e5bb22d90017fd
CONSEIL,secteur_hors_cible,leen.steppe@conac.be,Leen,Steppe,Conac,http://www.conac.be,http://www.linkedin.com/in/leen-steppe-03020a4,CEO,Aalst,Belgium,Conac,verified,68c40c767bfad30001383e42
CONSEIL,secteur_hors_cible,stefan.catsicas@skyviewslife.com,Stefan,Catsicas,Skyviews Life Science,http://www.skyviewslifescience.com,http://www.linkedin.com/in/stefan-catsicas-317291175,Managing Partner and CEO,Lausanne,Switzerland,Skyviews Life Science,verified,5d6b8b5180f93ed497405f20
CONSEIL,secteur_hors_cible,ann@thecircleofwellbeing.be,Ann,Bisschop,The Circle of Wellbeing,http://www.thecircleofwellbeing.be,http://www.linkedin.com/in/anndebisschop1,Proud Founder,Knokke-Heist,Belgium,The Circle of Wellbeing,verified,60fc0775687e2b0001286deb
CONSEIL,secteur_hors_cible,sebastien.couix@visamundi.co,Sebastien,Couix,Visamundi,http://www.visamundi.co,http://www.linkedin.com/in/sebastiencouix,CEO,Nantes,France,Visamundi,verified,54a76330746869730aa20230
CONSEIL,secteur_hors_cible,clement@conseillerinfluent.com,Clement,Reau,Conseiller Influent,http://www.conseillerinfluent.com,http://www.linkedin.com/in/clementreau,CEO,,France,Conseiller Influent,verified,67050477c9522c0001427f08
CONSEIL,secteur_hors_cible,alexis.debernede@darmoart.com,Alexis,Bernede,Darmo,http://www.darmoart.com,http://www.linkedin.com/in/alexis-de-bernede,CEO,Paris,France,DARMO,verified,57d8d12ca6da98722229d00a
CONSEIL,secteur_hors_cible,nicolas.mayordomo@nexeya.com,Nicolas,Mayordomo,Hensoldt Space Consulting,http://www.hensoldt-space-consulting.com,http://www.linkedin.com/in/nicolas-mayordomo-791653b7,CEO,Rambouillet,France,HENSOLDT SPACE CONSULTING,verified,5638a11da6da984eaa002e67
CONSEIL,secteur_hors_cible,henri.moche@winminute.com,Henri,Moche,WinMinute,http://www.winminute.com,http://www.linkedin.com/in/henrimoche,CEO,Paris,France,WinMinute,verified,54ec2e107468694311d13a60
CONSEIL,secteur_hors_cible,jykbaier@ennovia.fr,Jean-Yves,Kbaier,Ennovia,http://www.ennovia.fr,http://www.linkedin.com/in/jean-yves-kbaier-563ba112,Gérant et Cofondateur,Toulon,France,ENNOVIA SARL,verified,54a2f9567468693cddf92e4b
CONSEIL,secteur_hors_cible,sofie@centum.be,Sofie,Vandeputte,Centum,http://www.centum.be,http://www.linkedin.com/in/sofie-vandeputte-9b6b6121,CEO,Knokke-Heist,Belgium,Centum,verified,54a781c67468696220fc473b
CONSEIL,secteur_hors_cible,podent@explainconsultancy.com,Pierre,Odent,Explain,http://www.explainconsultancy.com,http://www.linkedin.com/in/pierre-odent-3284426,Chief Executive Officer,,France,EXPLAIN,verified,54c1f0967468697af7e0e760
CONSEIL,secteur_hors_cible,quentin.gressien@themetricsfactory.com,Quentin,Gressien,The Metrics Factory,http://www.themetricsfactory.com,http://www.linkedin.com/in/quentingressien,Chief Executive Officer,Paris,France,The Metrics Factory,verified,66f3c5c2e8882800010af0d4
CONSEIL,secteur_hors_cible,nicolas.louvet@6-t.co,Nicolas,Louvet,6t Bureau de recherche,http://www.6-t.co,http://www.linkedin.com/in/nicolas-louvet-64485050,CEO,Paris,France,6t Bureau de recherche,verified,6076f4d6290b2a00014c7d64
CONSEIL,secteur_hors_cible,jacob@antsconnect.be,Jacob,Verroken,Ants,http://www.ants.agency,http://www.linkedin.com/in/jacobverroken,CEO,Ghent,Belgium,Ants,verified,60364c9da2c74a0001112673
CONSEIL,verticale_brulee,etienne@inroapp.com,Etienne,Gatti,Inrō,http://www.inro.social,http://www.linkedin.com/in/etiennegatti,Chief Executive Officer,Paris,France,Inrō,verified,5aaed17ba6da98c47ee2530f
CONSEIL,secteur_hors_cible,lhalfon@yuma-audit.com,Laurent,Halfon,Yuma Audit,http://www.yuma-audit.com,http://www.linkedin.com/in/laurent-halfon-66943a5,Founder and Partner,Paris,France,YUMA AUDIT,verified,66f470bd0efaf30001106e4d
CONSEIL,secteur_hors_cible,yannick.mary@yodamaster.fr,Yannick,Mary,Yoda Master,http://www.yodamaster.fr,http://www.linkedin.com/in/yannickmary,CEO,Paris,France,YODA MASTER,verified,57d9b6e5a6da987fcdcad837
CONSEIL,secteur_hors_cible,mikael.richol@leedeel.com,Mikael,Richol,Leedeel,http://www.leedeel.com,http://www.linkedin.com/in/mikael-richol,Co-founder & CDAO,,France,Leedeel,verified,606e901ee8016900019d3b31
CONSEIL,secteur_hors_cible,enzo@treko.fr,Enzo,Kadri,Treko,http://www.treko.fr,http://www.linkedin.com/in/enzo-kadri,Co Fondateur & CEO,Marseille,France,Treko,verified,5d3b4ef880f93e3064e88be4
CONSEIL,secteur_hors_cible,frank.martin@mggroup.fr,Frank,Martin,Martin & Guiheneuf,http://www.mggroup.fr,http://www.linkedin.com/in/frank-martin-2626b08b,CEO,Paris,France,Martin & Guiheneuf,verified,5ac96932a6da984042e9f900
CONSEIL,secteur_hors_cible,clement@keyaidconsulting.com,Clement,Charlot,Key Aid Consulting,http://www.keyaidconsulting.com,http://www.linkedin.com/in/cl%c3%a9ment-charlot-2223221a,Co-founder and Director,Paris,France,Key Aid Consulting,verified,5570e27e7369643b51140000
CONSEIL,secteur_hors_cible,rveillon@grhaudit.com,Rodolphe,Veillon,GRH & Audit,http://www.grhaudit.com,http://www.linkedin.com/in/rodolphe-veillon-61170a179,CEO,La Rochelle,France,GRH & AUDIT - Externalisation Paie,verified,683476d283a38d0001bcdbf2
CONSEIL,secteur_hors_cible,nicolas@welcometodojo.com,Nicolas,Urien,DOJÖ Consulting,http://www.welcometodojo.com,http://www.linkedin.com/in/nicolas-urien-global-trade,Chief Executive Officer,Brussels,Belgium,DOJÖ Consulting Group,verified,6558b328b2430b000136e37f
CONSEIL,secteur_hors_cible,david@eclectic-experience.net,David,Prothais,Eclectic Experience,http://www.eclectic-experience.net,http://www.linkedin.com/in/david-prothais,Founder & Consultant,Marseille,France,Eclectic Experience,verified,54c18cae74686916398b481f
CONSEIL,secteur_hors_cible,jy.airiaud@groupe-iteractii.com,Jean-Yves,Airiaud,Iteractii,http://www.iteractii.net,http://www.linkedin.com/in/jean-yves-airiaud,CEO,Lyon,France,Iteractii,verified,66f2ae216892900001d593c6
CONSEIL,secteur_hors_cible,anja@lesenigmatics.com,Anja,Ramalanjaona,Les Enigmatics,http://www.lesenigmatics.com,http://www.linkedin.com/in/anja-ramalanjaona,CEO,Serris,France,Les Enigmatics,verified,54a317c274686935be3cc453
CONSEIL,secteur_hors_cible,paul@bioflux.earth,Paul,Preaux,BioFlux,http://www.bioflux.earth,http://www.linkedin.com/in/paul-pr%c3%a9aux-5a7362101,Co-Founder & Director,,Belgium,BioFlux,verified,57dd4453a6da987b01595173
CONSEIL,secteur_hors_cible,celinecorletti@beyondpotentials.com,Celine,Corletti,Beyond Potentials,http://www.beyondpotentials.com,http://www.linkedin.com/in/celinecorletti,"Founder-Recruitment, Talent Development & Management-Banking & Financial Services",Geneva,Switzerland,Beyond Potentials,verified,54a2d7d57468692e71574a41
CONSEIL,secteur_hors_cible,michael@upartner.be,Mike,Brilot,Upartner,http://www.upartner.agency,http://www.linkedin.com/in/michaelbrilot,CEO,Namur,Belgium,UPARTNER,verified,66f5b3b02cb09a00017b2b05
CONSEIL,secteur_hors_cible,katia.pharo@peetchr.com,Katia,Pharo,Peetchr,http://www.peetchr.com,http://www.linkedin.com/in/katiapharo,Co-Founder & C.O.O,Paris,France,Peetchr,verified,54abd4af746869300764f70f
CONSEIL,secteur_hors_cible,paul-emile.leroy@union-industrielle.fr,Paul-Emile,Leroy,Union Industrielle,http://www.union-industrielle.fr,http://www.linkedin.com/in/paul-emile-leroy-89489b21,C.E.O,,France,Union Industrielle,verified,60eea1c115f63900019b178c
CONSEIL,secteur_hors_cible,alexandre.vial@enercap.fr,Alexandre,Vial,Enercap,http://www.enercap.fr,http://www.linkedin.com/in/alexandre-vial-42b9b710,CEO,Lyon,France,ENERCAP SAS,verified,54a565f574686938acf6dd94
CONSEIL,secteur_hors_cible,alban@newdealstore.com,Alban,Dumont,NewDeal,http://www.newdealtheleadstore.com,http://www.linkedin.com/in/albandumont,CEO,Nantes,France,NewDeal,verified,61f8c5fc647a7d000116b268
CONSEIL,secteur_hors_cible,n.verschuere@soilcapital.com,Nicolas,Verschuere,Soil Capital Farming,http://www.soilcapitalfarming.ag,http://www.linkedin.com/in/nicolas-verschuere-3948616,Agronomist & Co-founder,Perwez,Belgium,Soil Capital Farming,verified,607811f73b699e0001ede2fa
CONSEIL,secteur_hors_cible,robin.bruninx@encon.eu,Robin,Bruninx,Inesco,,http://www.linkedin.com/in/robinbruninx,Owner & Founder,,Belgium,Inesco,verified,54a5f3a17468693442a402b6
CONSEIL,secteur_hors_cible,d.lalo@e2time.com,Didier,Lalo,e2Time.com,http://www.e2time.com,http://www.linkedin.com/in/didier-lalo,CEO,Paris,France,e2Time.com,verified,66f512a192f6200001b326fb
CONSEIL,secteur_hors_cible,glenn.marien@finvictum.com,Glenn,Marien,Finvictum,http://www.finvictum.com,http://www.linkedin.com/in/glenn-mari%c3%abn-747a598,CEO,Antwerp,Belgium,FINVICTUM BV,verified,63ea6f63a741fc00016dc0ea
CONSEIL,secteur_hors_cible,ck@thompouss.fr,Christelle,Koch,T'hompouss Consultants,http://www.thompouss.fr,http://www.linkedin.com/in/christelle-koch-5a3b2b36,CEO,Lyon,France,T'hompouss Consultants,verified,54c1d9057468697af7bbbe51
CONSEIL,secteur_hors_cible,guillaume@smash-digital.fr,Guillaume,Etlin,Smash Digital,http://www.smash-digital.fr,http://www.linkedin.com/in/guillaume-etlin-smash-digital,CEO & Consultant,Paris,France,SMASH DIGITAL 🎾,verified,54a51473746869320911c37a
CONSEIL,secteur_hors_cible,frederic.thollot@steambusiness.com,Frederic,Thollot,Steam Business,http://www.steambusiness.com,http://www.linkedin.com/in/fredericthollot,CEO,Paris,France,STEAM BUSINESS,verified,54a425db7468693676163b30
CONSEIL,secteur_hors_cible,jhouvion@getmucho.fr,Julien,Houvion,Mucho,http://www.getmucho.fr,http://www.linkedin.com/in/julien-h-b6a2a326,CTPO & Cofounder,Voisins-le-Bretonneux,France,Mucho,verified,66470b36b9a85b000136ed32
CONSEIL,secteur_hors_cible,thomas.labeyrie@digital-passengers.com,Thomas,Labeyrie,Digital Passengers,http://www.digital-passengers.com,http://www.linkedin.com/in/thomaslabeyrie,Founder & Director,Bordeaux,France,Digital Passengers,verified,66f8a19ba817d6000190b4d6
CONSEIL,secteur_hors_cible,phplantevin@negos-consulting.com,Paul,Plantevin,Negos Consulting,http://www.negos-consulting.com,http://www.linkedin.com/in/paul-henri-plantevin-67512621,Chairman / Co-Founder,Lille,France,Negos Consulting,verified,54c1b799746869163903db3a
CONSEIL,secteur_hors_cible,emmanuel.charlet@vpmediasolutions.com,Emmanuel,Charlet,VP Media Solutions,http://www.vpmediasolutions.com,http://www.linkedin.com/in/emmanuel-charlet-36b7855,CEO,Brussels,Belgium,VP Media Solutions,verified,54a6e858746869730a372b03
CONSEIL,secteur_hors_cible,diego@hybridagency.be,Diego,Llera,Hybrid,http://www.hybridagency.be,http://www.linkedin.com/in/diegollera,CEO,Antwerp,Belgium,Hybrid,verified,54a6321a7468693442d5d7c9
CONSEIL,secteur_hors_cible,mathieu@maelzelie.com,Mathieu,Allart,Mael & Zélie,http://www.maelzelie.com,http://www.linkedin.com/in/mathieu-allart-consultant-web,CEO,Lille,France,Mael & Zélie,verified,61ec11db952543000113299a
CONSEIL,secteur_hors_cible,ku.yasin@malaysiawe.com,Ku,Yasin,KMF MWE,http://www.malaysiawe.com,http://www.linkedin.com/in/ku-muhammad-farid-ku-yasin-32380b47,CEO,Paris,France,KMF MWE,verified,54fa672d7468695e49427100
CONSEIL,secteur_hors_cible,david@d-impulse.com,David,Market,D-Impulse,http://www.d-impulse.com,http://www.linkedin.com/in/david-market-712209129,CEO,Rouen,France,D-Impulse,verified,66fc7f6b26fede0001856e12
CONSEIL,secteur_hors_cible,stephane.bunouf@asteryos.com,Stephane,Bunouf,Asteryos,http://www.asteryos.com,http://www.linkedin.com/in/st%c3%a9phane-bunouf-48a915b,CEO,Rennes,France,Asteryos,verified,66f949ef83ba0c000144f95d
CONSEIL,secteur_hors_cible,benedicte@we-feed.com,Benedicte,Chatelier,we feed,http://www.we-feed.com,http://www.linkedin.com/in/benedictelechatelier,CEO,Versailles,France,we feed,verified,66eec9cf880ff50001ffbdd1
CONSEIL,secteur_hors_cible,m.allain@edcspa.fr,Morgane,Allain,EDC SPA Management,http://www.edcspa.fr,http://www.linkedin.com/in/morganeallain,CEO,Etoile-sur-Rhone,France,EDC SPA MANAGEMENT,verified,66f9fdac9901a20001dff019
CONSEIL,secteur_hors_cible,traore@iqls.net,Maimouna,Tognama-Mbona,IQLS,http://www.iqls.net,http://www.linkedin.com/in/maimouna-traore-tognama-mbona-102b707a,Chief Executive Officer,Villeurbanne,France,IQLS - Integrated Quality Laboratory Services,verified,655c65fcbbaf22000178d97b
CONSEIL,secteur_hors_cible,dominique.bailly@humanandco.org,Dominique,Bailly,Human & Co,http://www.humanandco.org,http://www.linkedin.com/in/dominique-bailly-transformation-sociale,Fondateur et Président,Paris,France,Human & Co,verified,5de122bf6372c90001cd9821
CONSEIL,secteur_hors_cible,h.lecomte@export-entreprises.com,Herve,Lecomte,eexpand by Mitigram,http://www.eexpand.com,http://www.linkedin.com/in/herv%c3%a9-solignac-lecomte,CEO,Paris,France,eexpand by Mitigram,verified,5d51ef4ba3ae616306b09885
CONSEIL,secteur_hors_cible,laurent.lebois@riskandops.fr,Laurent,Lebois,Risk & Ops Africa,http://www.northafricarisk.com,http://www.linkedin.com/in/laurent-lebois,Managing Partner,Toulouse,France,Risk & Ops Africa,verified,54a201117468693fdaaaa304
CONSEIL,secteur_hors_cible,araymond@achatcentrale.fr,Alexis,Raymond,Achat Centrale,http://www.achatcentrale.fr,http://www.linkedin.com/in/alexis-raymond-1a86714,Owner / Founder,Paris,France,Achat Centrale,verified,5c359c2ff3e5bb6f30322eda
CONSEIL,secteur_hors_cible,couve@samsa.fr,Philippe,Couve,Samsa.fr,http://www.samsa.fr,http://www.linkedin.com/in/philippecouve,CEO,Paris,France,Samsa.fr,verified,54a5bed174686938ac71f8a4
CONSEIL,secteur_hors_cible,frank.belien@livingtomorrow.com,Frank,Belien,Living Tomorrow,http://www.livingtomorrow.com,http://www.linkedin.com/in/frank-belien-66a6b815,Founder & Chairman,,Belgium,Living Tomorrow,verified,681871ae17b9b10001e287a3
CONSEIL,secteur_hors_cible,arthur@keycoopt.com,Arthur,?Keycoopt,Keycoopt,http://www.keycoopt.com,http://www.linkedin.com/in/arthur-guillon,CEO,Lille,France,Keycoopt,verified,54abf4777468692a6b810c18
CONSEIL,secteur_hors_cible,vlorric@geo3l.com,Valery,Lorric,GEO.3L,http://www.geo3l.com,http://www.linkedin.com/in/val%c3%a9rylorric,CEO,Nantes,France,GEO.3L Groupe,verified,633f99a52e890300016678b6
CONSEIL,secteur_hors_cible,roel@ondernemingscoach.be,Roel,Van Uytvanghe,Ondernemingscoach,http://www.ondernemingscoach.be,http://www.linkedin.com/in/roel-van-uytvanghe-08358810a,Founder Ondernemingscoach,Antwerp,Belgium,Ondernemingscoach,verified,57d94336a6da98721eb37b8e
CONSEIL,secteur_hors_cible,a.vaccaro@goodnetwork.coop,Antoine,Vaccaro,Good Network,http://www.goodnetwork.coop,http://www.linkedin.com/in/antoine-vaccaro-5143615,"Président, Co-fondateur",Boulogne-Billancourt,France,Good Network,verified,66f531416722550001143198
CONSEIL,secteur_hors_cible,kris.van.deun@davinci-cf.be,Kris,Van Deun,DaVinci Corporate Finance,http://www.davinci-cf.be,http://www.linkedin.com/in/krisvandeun,Founder & Managing Partner,Antwerp,Belgium,DaVinci Corporate Finance BV,verified,58b69343f65125bdd841a1d6
CONSEIL,secteur_hors_cible,a.loisy@neholys.com,Alexandre,Loisy,Néholys,http://www.neholys.com,http://www.linkedin.com/in/alexandre-loisy,CEO Néholys & Weview,La Roche-sur-Yon,France,Néholys,verified,619f6397d4a9860001f36147
CONSEIL,secteur_hors_cible,feras.hayek@antaria-pharma.com,Feras,Hayek,Antaria Pharma,http://www.antaria-pharma.com,http://www.linkedin.com/in/feras-hayek-945a5326,Chief Executive Officer,,Luxembourg,Antaria Pharma,verified,57d853c6a6da98788b2760d1
CONSEIL,secteur_hors_cible,matthieu.thomas@ec-be.fr,Matthieu,Thomas,EC-BE,http://www.ec-be.fr,http://www.linkedin.com/in/matthieu-thomas-9390b6150,CEO,Paris,France,EC-BE,verified,5d4d4fb8f65125da9e206d0f
CONSEIL,secteur_hors_cible,bernard.thuysbaert@deminornxt.com,Bernard,Thuysbaert,deminor NXT,http://www.deminornxt.com,http://www.linkedin.com/in/bernard-thuysbaert-a3b6146,CEO,Ghent,Belgium,deminor NXT,verified,66f53ae8b4e64f0001aed0a2
CONSEIL,secteur_hors_cible,ben.leo@thehouseofsupport.be,Ben,Leo,The House of Support,http://www.thehouseofsupport.be,http://www.linkedin.com/in/benleo,Oprichter & CEO,Mechelen,Belgium,The House of Support,verified,57d4a6bca6da9853e648651d
CONSEIL,secteur_hors_cible,sophie@re-boot.be,Sophie,Mardulier,re-boot.be,http://www.re-boot.be,http://www.linkedin.com/in/sophie-mardulier-a2a361103,Co-founder of reBoot,Bierbeek,Belgium,re-boot.be,verified,57d42ac3a6da9853def4c16b
CONSEIL,secteur_hors_cible,ulrik@certago.be,Ulrik,Beusen,Certago,http://www.certago.be,http://www.linkedin.com/in/ulrikbeusen,CEO - Owner,Zomergem,Belgium,Certago,verified,54abb21b7468692a6b451107
CONSEIL,secteur_hors_cible,colibert@ficadex.com,Jacques,Colibert,Ficadex Consulting,http://www.ficadex.com,http://www.linkedin.com/in/jacques-colibert-44259b179,Président Fondateur de Ficadex,Caen,France,FICADEX CONSULTING,verified,66f7c7510a0a800001e1bad7
CONSEIL,secteur_hors_cible,xavier@s2sconseil.com,Xavier,Huger,Start 2 Scale,http://www.start2scale.fr,http://www.linkedin.com/in/xavier-huger,Cofondateur & CEO,,France,Start 2 Scale,verified,66fd98900cd9940001745ab5
CONSEIL,secteur_hors_cible,adjogan@publicaffairsafrica.com,Adebissi,Djogan,Public Affairs Africa,http://www.publicaffairsafrica.com,http://www.linkedin.com/in/ad%c3%a9bissi-djogan,Chief Executive Officer,Paris,France,Public Affairs Africa,verified,60d1455826b3f60001f0293d
CONSEIL,secteur_hors_cible,mike@eteamsys.com,Mike,Mitchell,Eteamsys,http://www.eteamsys.com,http://www.linkedin.com/in/mikejlmitchell,CEO,Luxembourg City,Luxembourg,Eteamsys,verified,6026a0b644dc860001a5ca0a
CONSEIL,secteur_hors_cible,rachel.jeanpierre@comeryl.fr,Rachel,Jeanpierre,Comeryl,http://www.comeryl.fr,http://www.linkedin.com/in/rachel-jeanpierre-0422a287,CEO,,France,COMERYL,verified,54a18b2674686978ad850d01
CONSEIL,secteur_hors_cible,smartignon@match-point.fr,Stephane,Martignon,matchpoint,http://www.match-point.fr,http://www.linkedin.com/in/stephanemartignon,Associate Founder,Paris,France,matchpoint.,verified,54a51a5974686936764ef77c
CONSEIL,secteur_hors_cible,pauline.collet@actsandfacts.org,Pauline,Collet,Acts & Facts,http://www.actsandfacts.org,http://www.linkedin.com/in/paulinecollet1,Co-Founder & CPO,Lille,France,Acts & Facts,verified,57da2bcaa6da985b576e0ccc
CONSEIL,secteur_hors_cible,isabelle@peoplebelievers.be,Isabelle,Van Hecke,People Believers,http://www.peoplebelievers.be,http://www.linkedin.com/in/isabellevanhecke,Founder & Talent Partner,Antwerp,Belgium,People Believers,verified,54a48ba77468693676d6d54f
CONSEIL,secteur_hors_cible,nicolas@wearestudium.com,Nicolas,Benoukaci,Studium,http://www.wearestudium.com,http://www.linkedin.com/in/nicolas-benoukaci,Co-fondateur & Co-gérant,Clermont-Ferrand,France,Studium,verified,5d40487a80f93e827150c9b5
CONSEIL,secteur_hors_cible,sakina@externaliser.org,Sakina,Bouyahi,Externalis Formation,http://www.externalis-formation.fr,http://www.linkedin.com/in/sakina-lecontre-bouyahi-79392925,CEO,Saint-Priest,France,Externalis Formation,verified,655c46fd31f5320001b27643
CONSEIL,secteur_hors_cible,t.fernandez@ideal-medical.com,Thomas,Fernandez,Ideal Medical Products Engineering,http://www.ideal-turnkey-hospital.com,http://www.linkedin.com/in/thomas-fernandez-363447133,CEO,Courbevoie,France,Ideal Medical Products Engineering,verified,5e609489ca91c30001640215
CONSEIL,secteur_hors_cible,tom.verhaegen@piagroup.company,Tom,Verhaegen,Vedas Advisory Services,http://www.vedas.be,http://www.linkedin.com/in/tomverhaegenceoandboardmember,Group CEO,Gooik,Belgium,Vedas Advisory Services BVBA,verified,66fd7141991e8f0001f8aefd
CONSEIL,secteur_hors_cible,floriane.addad@mytroc.fr,Floriane,Addad,MyTroc Pro,http://www.mytroc.pro,http://www.linkedin.com/in/floriane-addad,Fondatrice CEO,Paris,France,MyTroc Pro,verified,57d3a4caa6da9853d61aa227
CONSEIL,secteur_hors_cible,kais.benhenia@actuaires-associes.com,Kais,Ben-Henia,Actuaires & Associés,http://www.actuaires-associes.com,http://www.linkedin.com/in/kais-ben-henia,Co-founder and Associate,Paris,France,Actuaires & Associés,verified,5640cd58a6da98776f0050f4
CONSEIL,secteur_hors_cible,frederic.domange@idna.fr,Frederic,Domange,iDNA,http://www.idna.fr,http://www.linkedin.com/in/fr%c3%a9d%c3%a9ric-domange-28505436,CEO,Paris,France,iDNA,verified,610948b5d6e6c90001fdbcd2
CONSEIL,secteur_hors_cible,t.lesenfants@habeas.be,Thierry,Lesenfants,habeas,http://www.habeas.be,http://www.linkedin.com/in/thierrylesenfants,Founder - Associate,Namur,Belgium,habeas,verified,57d67f05a6da9854594c7ca5
CONSEIL,secteur_hors_cible,makan@africa-business-solutions.com,Desire,Makan,Africa Business Solutions,http://www.africa-business-solutions.com,http://www.linkedin.com/in/d%c3%a9sire-makan-ii-567382233,Deputy CEO,Paris,France,Africa Business Solutions,verified,5e037d768325420001fd1dd7
CONSEIL,secteur_hors_cible,melanie@bbetween.fr,Melanie,Blandin,B.Between,http://www.bbetween.fr,http://www.linkedin.com/in/melanie-blandin,Fondatrice & CEO,Montreuil,France,B.Between,verified,6618e86b8179380001fc11c3
CONSEIL,secteur_hors_cible,thomasbinet@blueseeds.org,Thomas,Binet,BlueSeeds,http://www.blueseeds.org,http://www.linkedin.com/in/tbinet,Founder and Director,Bordeaux,France,BlueSeeds,verified,54a76e4d7468696b7fb8c433
CONSEIL,secteur_hors_cible,cyrille.manente@cogisys.fr,Cyrille,Manente,Cogisys,http://www.cogisys.fr,http://www.linkedin.com/in/cyrillemanente,Chief Executive Officer,Issy-les-Moulineaux,France,Cogisys,verified,54a213ee74686930c2d2cf0a
CONSEIL,secteur_hors_cible,gr@grgroupe.com,Gerald,Rios,GR,http://www.grgroupe.com,http://www.linkedin.com/in/gerald-rios-1856317,Founding President,Lyon,France,GR Groupe,verified,66fabddfbb67e20001a4d094
CONSEIL,secteur_hors_cible,lander@het-labo.be,Lander,Boeckx,Het Labo,http://www.het-labo.be,http://www.linkedin.com/in/landerboeckx,Co-Founder/Owner,Brussel,Belgium,Het Labo,verified,66f69db79c737700010dd5e1
CONSEIL,secteur_hors_cible,arochard@itgshr.fr,Alain,Rochard,ITGS Executive Search,http://www.itgshr.fr,http://www.linkedin.com/in/arochard,Founder & Managing Director,Levallois-Perret,France,ITGS Executive Search,verified,54a28971746869331828f329
CONSEIL,secteur_hors_cible,roudot@h2owirelessnow.com,Regis,Oudot,H2O,http://www.h2o-france.com,http://www.linkedin.com/in/regis-oudot-973259123,CEO,Vandoeuvre-les-Nancy,France,H2O,verified,57d733f5a6da98648064207c
CONSEIL,secteur_hors_cible,pdonat@groupe-sdg.com,Philippe,Donat,Groupe SDG,http://www.groupe-sdg.com,http://www.linkedin.com/in/philippe-donat-632566222,Chairman and CEO,Frejus,France,GROUPE SDG,verified,632c10e83681730001dea1f8
CONSEIL,secteur_hors_cible,info@argafin.com,Arnaud,Navez,Argafin,http://www.argafin.com,http://www.linkedin.com/in/arnaud-navez-10a27811,CEO - Partner,Brussels,Belgium,ARGAFIN,verified,5e7844018c436f0001717117
CONSEIL,secteur_hors_cible,fthuel@staffizy.com,Francoise,Thuel,Staffizy,http://www.staffizy.com,http://www.linkedin.com/in/francoisethuel,Co-ceo,Marseille,France,Staffizy,verified,54a2391e7468692e71ca9b17
CONSEIL,secteur_hors_cible,jmd@tierspayantassistance.com,Jean-Michel,David,Tiers Payant Assistance,http://www.tierspayantassistance.com,http://www.linkedin.com/in/jean-michel-david-53a64738,Président et Fondateur,Lyon,France,TIERS PAYANT ASSISTANCE,verified,6113af16ee2da60001854718
CONSEIL,secteur_hors_cible,loic.lefur@axiom.fr,Loic,Fur,AXIOM Paris,http://www.axiom.fr,http://www.linkedin.com/in/lo%c3%afc-le-fur-94a5ba220,Chief CEO,Paris,France,AXIOM Paris,verified,625e9af60b7e770001b33c5e
CONSEIL,secteur_hors_cible,pascale@ohanapublicaffairs.eu,Pascale,Moreau,Ohana Public Affairs,http://www.ohanapublicaffairs.eu,http://www.linkedin.com/in/pascale-moreau-ohana,Founder and Managing Director,Brussels,Belgium,Ohana Public Affairs,verified,557038fd7369645faf4f1800
CONSEIL,secteur_hors_cible,mohamed.marsaoui@digital4win.fr,Mohamed,Marsaoui,DigitaL4Win,http://www.digital4win.fr,http://www.linkedin.com/in/mohamed-marsaoui-52950535,Président et Fondateur,Paris,France,DigitaL4Win,verified,54a2d3857468693a7e240740
CONSEIL,secteur_hors_cible,pjhaure@capitole-energie.com,Pierre-Jean,Haure,Capitole Énergie,http://www.capitole-energie.com,http://www.linkedin.com/in/pierrejeanhaure,Président et Fondateur,Toulouse,France,Capitole Énergie (by EPSA),verified,54a4cb1c74686938ac7d2c64
CONSEIL,secteur_hors_cible,caroline@wine-services.com,Caroline,Meesemaecker,Wine Services,http://www.wine-services.com,http://www.linkedin.com/in/carolinemeesemaecker,CEO and Owner,Bordeaux,France,WINE SERVICES,verified,66f38f2e6c530c0001ff5d65
CONSEIL,secteur_hors_cible,jean.ambert@smart-mobility-lab.com,Jean,Ambert,Smart Mobility Lab,http://www.smart-mobility-lab.com,http://www.linkedin.com/in/jean-ambert-80196a8,Fondateur CEO,Paris,France,Smart Mobility Lab,verified,54a3afd47468692abf8f6e0a
CONSEIL,secteur_hors_cible,regis.decorme@r2msolution.com,Regis,Decorme,R2M Solution France,,http://www.linkedin.com/in/regisdecorme,Managing Partner & Co-founder,Biot,France,R2M Solution France,verified,54a421c27468693676a4fa2e
CONSEIL,secteur_hors_cible,jll@dldevel.com,Jean-Luc,Leca,D.L Developpement,http://www.dldevel.com,http://www.linkedin.com/in/jean-luc-leca-8543aa8a,Chairman and CEO,Paris,France,D.L DEVELOPPEMENT,verified,5ffc1e47462a690001121162
CONSEIL,secteur_hors_cible,s.jaidi@omote-advisory.com,Souleimane,Jaidi,Omote Advisory,http://www.omote-advisory.com,http://www.linkedin.com/in/sjaidi,Founder & Managing Director,Paris,France,OMOTE ADVISORY,verified,564799dca6da982f1600a697
TECH,secteur_hors_cible,serge.antony@antosson.com,Serge,Antony,Antosson,http://www.antosson.com,http://www.linkedin.com/in/serge-antony-b0051123,CEO,,Luxembourg,Antosson Group,verified,54a560527468692cf0e62b93
TECH,secteur_hors_cible,lionel.girod@stepat.com,Lionel,Girod,Step Automation and Test,http://www.stepat.com,http://www.linkedin.com/in/lionelgirod,Founder and CEO,La Seyne-sur-Mer,France,Step Automation and Test,verified,6018dc2d010fc900019fc7b8
TECH,secteur_hors_cible,sbo@irokoo.fr,Sebastien,Bossoutrot,Irokoo,http://www.irokoo.fr,http://www.linkedin.com/in/sbossoutrot,"Co Founder, CEO",Tours,France,IROKOO,verified,60e65268159de2000141ad9f
TECH,verticale_brulee,b.savchuk@team-solve.ai,Bohdan,Savchuk,Solvius,http://www.solvius.agency,http://www.linkedin.com/in/bohdan-savchuk-047553115,Co-Founder | CEO,Antwerp,Belgium,Solvius,verified,57e10511a6da987d60b746f4
TECH,secteur_hors_cible,maxime.monod@twistlab.ch,Maxime,Monod,Twist Lab,http://www.twistlab.ch,http://www.linkedin.com/in/mmonod,Founder & CEO,Lausanne,Switzerland,Twist Lab,verified,55bef36c7369642087496900
TECH,secteur_hors_cible,fabien.dechery@cognitive-atlas.com,Fabien,Dechery,Cognitive Atlas,http://www.cognitive-atlas.com,http://www.linkedin.com/in/fabien-dechery,CEO & Co-Founder,Paris,France,Cognitive Atlas,verified,66fff048e6342a0001c11070
TECH,secteur_hors_cible,fdesmottes@nuxly.com,Francois,Desmottes,Nuxly,http://www.nuxly.com,http://www.linkedin.com/in/fdesmottes,Président fondateur/CEO,Paris,France,Nuxly,verified,6065c54b23ce440001268626
TECH,secteur_hors_cible,alexis@easyweb-agency.fr,Alexis,Chretinat,Easyweb,http://www.easyweb-agency.fr,http://www.linkedin.com/in/alexis-chretinat-%f0%9f%91%be-easyweb-5863141bb,Co-founder,Paris,France,Easyweb 👾,verified,676142f9c004660001e198dd
TECH,secteur_hors_cible,filip.sutter@sbmopleidingen.be,Filip,Sutter,SBM Training Coaching Advies,http://www.sbm.be,http://www.linkedin.com/in/filipdesutter,Lecturer Business Analysis,Ghent,Belgium,SBM Training Coaching Advies,verified,66fc9fc27265ea0001a553d3
TECH,secteur_hors_cible,bacem.nasr@navex.tn,Bacem,Nasr,Navex Delivery,http://www.navex.tn,http://www.linkedin.com/in/bacemnasr,General Manager,Paris,France,Navex Delivery,extrapolated,54a4ebb17468692fa20a546e
TECH,secteur_hors_cible,jean-pierre.curtet@managersolution.com,Jean-Pierre,Curtet,Manager's Solution,http://www.managersolution.fr,http://www.linkedin.com/in/jean-pierre-curtet,CEO,Calais,France,MANAGER'S SOLUTION,verified,60f582e1c797e10001076751
TECH,secteur_hors_cible,,Michel,Kamel,Albac,http://www.albac-lb.com,http://www.linkedin.com/in/michel-kamel-phd-17777a28,Member,,France,ALBAC,unavailable,6503db723fda0d0001256398
TECH,secteur_hors_cible,jeremy.jean@controlc.io,Jeremy,Jean,ControlC,http://www.controlc.io,http://www.linkedin.com/in/j%c3%a9r%c3%a9my-jean-82140a20,Founder,,Luxembourg,ControlC,verified,6014fa0df2985e0001815625
TECH,verticale_brulee,jean@agence-scroll.com,Jean,Zeren,Scroll,http://www.agence-scroll.com,http://www.linkedin.com/in/jean-zeren-116621108,Co-Founder & CEO,Paris,France,Scroll,verified,5ffa80705f52c400011db959
TECH,secteur_hors_cible,florian.brunel@scopandco.fr,Florian,Brunel,STELIA Aerospace,http://www.stelia-aerospace.com,http://www.linkedin.com/in/florian-brunel,Gouvernance EASA Part-is,Toulouse,France,STELIA Aerospace,verified,663efd2e60f2860001a7ea97
TECH,secteur_hors_cible,samuel@nukium.com,Samuel,Sanchez,Nukium,http://www.nukium.com,http://www.linkedin.com/in/nukium,CEO & Founder,Montpellier,France,Nukium,verified,600fac96562065000156b68f
TECH,secteur_hors_cible,,Madhavan,Elango,Amrita Gardens,http://www.amritagardenayurveda.com,http://www.linkedin.com/in/madhavan-elango-9898574,Chief Strategy Officer,Leuven,Belgium,Amrita Gardens,unavailable,54a38c727468692cf0494502
TECH,secteur_hors_cible,erik.vanwinkel@zygo.be,Erik,Van Winkel,ZYGO,http://www.zygo.be,http://www.linkedin.com/in/erik-v-aa68a06,Co-Founder,Koksijde,Belgium,ZYGO,verified,6168017f4efb5e0001ea2fab
TECH,secteur_hors_cible,emmanuel.podvin@intersel.fr,Emmanuel,Podvin,intersel,http://www.intersel.fr,http://www.linkedin.com/in/podvin,CEO,Paris,France,intersel,verified,55d70505f3e5bb73c5006711
TECH,secteur_hors_cible,walter@happit.be,Walter,Schwarz,Happit,http://www.happit.be,http://www.linkedin.com/in/walter-schwarz-18a7ab17,Co Founder,,Belgium,Happit,verified,54a73f567468696220ebdb22
TECH,verticale_brulee,antoine.hervet@xev.agency,Antoine,Hervet,Xevlabs,http://www.xev.agency,http://www.linkedin.com/in/ahervet,Founder,,France,Xevlabs,verified,60feb4bcb338400001609515
TECH,secteur_hors_cible,jgaloula@weeedoit.com,Jonathan,Galoula,WeeeDoIT,http://www.weeedoit.com,http://www.linkedin.com/in/jonathan-galoula,CEO & Founder,,France,WeeeDoIT 🌱,verified,683b89b83f9ed000015f3de5
TECH,secteur_hors_cible,sreynaud@groupescr.fr,Stephane,Reynaud,Groupe SCR,http://www.groupescr.fr,http://www.linkedin.com/in/st%c3%a9phane-reynaud-87620925,Founder,,France,GROUPE SCR,verified,5e73258d60a9c70001153ed7
TECH,secteur_hors_cible,regis.thales@thalesit.ch,Regis,Thales,Thales IT,http://www.thalesit.ch,http://www.linkedin.com/in/rthales,CEO,Grand-Saconnex,Switzerland,THALES IT,verified,6212668f4af45100016a0542
TECH,verticale_brulee,thomas@shortcut-agency.com,Thomas,Thimothee,Shortcut,http://www.shortcut-agency.com,http://www.linkedin.com/in/thomas-thimothee,Co-founder,Colombes,France,Shortcut,verified,6357dfe9cd0fe2000177812a
TECH,secteur_hors_cible,gillo@mavana.earth,Gillo,Malpart,Mavana,http://www.mavana.earth,http://www.linkedin.com/in/gillomalpart,President & Cofounder,Toulouse,France,Mavana,verified,60f6f0a5b38c1c0001912b88
TECH,secteur_hors_cible,kiril@webvision360.com,Kiril,Gorbatenko,Web Vision 360,http://www.webvision360.com,http://www.linkedin.com/in/kiril-gorbatenko-65b80b28,Président & Co-fondateur,Suresnes,France,Web Vision 360,verified,66f952a6a61367000196fa4e
TECH,secteur_hors_cible,antoine@captag.fr,Antoine,Bouchet,Captag,http://www.captag.fr,http://www.linkedin.com/in/antoine-bouchet7,Co-founder & Co-CEO,Paris,France,Captag - Human Digital Events,verified,63a2e6a5019edc000131588f
TECH,secteur_hors_cible,serge.makowski@medireport.fr,Serge,Makowski,MediReport,http://www.medireport.net,http://www.linkedin.com/in/serge-makowski,Chief Executive Officer | Co-founder MediReport,Paris,France,MediReport,verified,66fe7a2722642a00012ca4dc
TECH,secteur_hors_cible,oliver.price@local-impact.ch,Oliver,Price,Local Impact,http://www.local-impact.ch,http://www.linkedin.com/in/priceo,Co-Founder & Administrator,Fribourg,Switzerland,Local Impact,verified,66f5e515b75ee00001126c89
TECH,verticale_brulee,mohamet.mbodji@agencelycs.com,Mohamet,Mbodji,LYCS,http://www.agencelycs.com,http://www.linkedin.com/in/mohamet-mbodji-a4908870,CEO & Co-founder LYCS (France / Senegal),,France,LYCS,verified,67b92f6304a6760001aaab1b
TECH,secteur_hors_cible,florent.ghizzoni@ikovaline.com,Florent,Ghizzoni,Ikovaline,http://www.ikovaline.com,http://www.linkedin.com/in/florent-ghizzoni-56b511279,CEO,Paris,France,Ikovaline,verified,69885c515e36020001bdb883
TECH,secteur_hors_cible,thierry@numericoach.fr,Thierry,Vanoffe,Numericoach,http://www.numericoach.fr,http://www.linkedin.com/in/thierryvanoffe,CEO,Lille,France,Numericoach,verified,6835d01ca5d743000149513a
TECH,secteur_hors_cible,alain.smadja@sariel.fr,Alain,Smadja,Sariel,http://www.sariel.fr,http://www.linkedin.com/in/alain-smadja-a5388a21,CEO,Paris,France,SARIEL,verified,54c1ad957468691639265e34
TECH,verticale_brulee,ibennani@rezosocial.com,Idriss,Bennani,RézoSocial,http://www.rezosocial.com,http://www.linkedin.com/in/idriss-bennani-b4509269,Founder,Paris,France,RézoSocial,verified,54a96242746869334a4feb12
TECH,secteur_hors_cible,christophe.sabbe@atree.be,Christophe,Sabbe,Atree,http://www.atree.be,http://www.linkedin.com/in/christophe-sabbe-98281010,Chief Executive Officer,,Belgium,Atree,verified,557059a8736964232ad22100
TECH,secteur_hors_cible,,Thomas,Lemaire,Fluxtendu,http://www.fluxtendu.fr,http://www.linkedin.com/in/thomas-lemaire-552805a6,Entrepreneur,Angers,France,Fluxtendu,unavailable,54c1af3874686916395e6935
TECH,secteur_hors_cible,mike@cyberneticwalrus.com,Mike,Migs,Cybernetic Walrus,http://www.cyberneticwalrus.com,http://www.linkedin.com/in/mikecoeck,Co-founder - CEO - Studio Lead,Niel,Belgium,Cybernetic Walrus,verified,56bea9dff3e5bb3be2009ce6
TECH,secteur_hors_cible,david.waroquiers@matgenix.com,David,Waroquiers,Matgenix,http://www.matgenix.com,http://www.linkedin.com/in/david-waroquiers,Founder & CEO at Matgenix,Charleroi,Belgium,Matgenix,verified,54a3cf317468692cf01b9114
TECH,secteur_hors_cible,pierre-luc.vettier@zerogamesstudios.com,Pierre-Luc,Vettier,Zero Games Studios,http://www.zerogamesstudios.com,http://www.linkedin.com/in/pierrelucvettier,Co-Founder / C.E.O. & Creative Director,Paris,France,Zero Games Studios,verified,687766c033bcbd0001bd4ab6
TECH,secteur_hors_cible,bdelcombel@sfbx.io,Bruno,Delcombel-Delbos,SFBX®,http://www.sfbx.io,http://www.linkedin.com/in/brunodelcombeldelbos,CEO & Co-founder SFBX®,Bordeaux,France,SFBX®,verified,66fc73c613ea850001abb918
TECH,secteur_hors_cible,pierre@largenetwork.com,Pierre,Grosjean,Large Network,http://www.largenetwork.com,http://www.linkedin.com/in/pierre-grosjean-73804411,Co-founder and Managing Director,Geneva,Switzerland,Large Network,verified,66f980579901a20001b8ade9
TECH,secteur_hors_cible,pecasanova@hysilabs.com,Pierre-Emmanuel,Casanova,HSL Technologies,http://www.hsl.tech,http://www.linkedin.com/in/pecasanova,Co-Founder,Aix-en-Provence,France,HSL Technologies (HySiLabs),verified,66f70ea0c180660001b5a611
TECH,secteur_hors_cible,julian.aroun@opx.co,Julian,Aroun,OPX,http://www.opx.co,http://www.linkedin.com/in/julianaroun,Co-Founder,Paris,France,OPX,verified,564be0faa6da984c37011b91
TECH,secteur_hors_cible,mounir.lakhfif@utelys.fr,Mounir,Lakhfif,Utelys,http://www.utelys.fr,http://www.linkedin.com/in/mounir-lakhfif,Co-founder,Illzach,France,Utelys,verified,557109d6736964779b5f0000
TECH,secteur_hors_cible,evert.bulcke@tresco.eu,Evert,Bulcke,Tresco Engineering,http://www.tresco.eu,http://www.linkedin.com/in/evertbulcke,CEO,Antwerp,Belgium,Tresco Engineering,verified,66fb1e5c5e6a7b0001fb1eeb
TECH,secteur_hors_cible,steve.campenaerts@mojuice.com,Steve,Campenaerts,MoJuice,http://www.mojuice.com,http://www.linkedin.com/in/steve-campenaerts-a1b810365,CEO,Hasselt,Belgium,MoJuice,verified,54c201b77468697af7dffe6b
TECH,secteur_hors_cible,m.perrin@sedimat.com,Mickael,Perrin,Sedimat DGI,http://www.sedimat.com,http://www.linkedin.com/in/mickael-perrin-sedimat,CEO,Grenoble,France,Sedimat DGI,verified,671b6d75aeeb4e0001378b0f
TECH,verticale_brulee,steven.vanhoeke@houseofexperts.eu,Steven,Van Hoeke,House Of Experts,http://www.houseofexperts.eu,http://www.linkedin.com/in/steven-van-hoeke-6473b89,General Manager / Co-Founder,Ghent,Belgium,House Of Experts,verified,66fdfc093c55ab00013cf4d4
TECH,secteur_hors_cible,hans@gsf.engineering,Hans,Vanderheijden,GSF Engineering,http://www.gsf.engineering,http://www.linkedin.com/in/hans-vanderheijden-a752187,CEO,Vilvoorde,Belgium,GSF Engineering,verified,5fb28a9e1ac1c9000101a1e8
TECH,doublon_entreprise,lionel@technique-pc.fr,Lionel,Maurin,,,http://www.linkedin.com/in/lionel-maurin-67574262,Manager,Marseille,France,,verified,57e096e6a6da981c34727e3b
TECH,secteur_hors_cible,sebastien.potherat@alphawave.fr,Sebastien,Potherat,Alphawave Fr,http://www.alphawave.fr,http://www.linkedin.com/in/s%c3%a9bastien-potherat-460824a9,CEO,Paris,France,Alphawave Fr,verified,55708cd9736964262eb00700
TECH,secteur_hors_cible,chris@xrays.fr,Christian,Bare-Wenger,Xrays Trading,http://www.xrays.fr,http://www.linkedin.com/in/christian-bar%c3%a9-wenger-b684989,Chief Executive Officer,Paris,France,XRAYS TRADING,verified,607c5ef6f5cf410001ec5149
TECH,secteur_hors_cible,olivier@arpasys.com,Olivier,Parazols,ARPASYS Store,http://www.arpasys.com,http://www.linkedin.com/in/olivier-parazols,CEO & Partner,Narbonne,France,ARPASYS Store,verified,5f0724c362ec620001eb22af
TECH,secteur_hors_cible,jhonie@pixel-nexus.com,Jhonie,Gamescom,Pixel-Nexus,http://www.pixel-nexus.com,http://www.linkedin.com/in/jhonie-aelbrecht,Chief Executive Officer,Assenede,Belgium,Pixel-Nexus,verified,54a544ad74686938ac4cab8a
TECH,secteur_hors_cible,arthur@gaudier.com,Arthur,Hagiage,Gaudier,http://www.gaudier.com,http://www.linkedin.com/in/arthurhagiage,CEO,Paris,France,Gaudier,verified,55c316807369640af2e04b00
TECH,secteur_hors_cible,manon@cirkwi.com,Manon,Lorang,Cirkwi,http://www.cirkwi.com,http://www.linkedin.com/in/manonlorang,CEO,Nancy,France,Cirkwi,verified,6106472d711a830001b04a4c
TECH,secteur_hors_cible,yrousseau@fruitaflor.com,Yves,Rousseau,Fruitaflor,http://www.fruitaflor.com,http://www.linkedin.com/in/yves-rousseau-96b902197,CEO,Paris,France,FRUITAFLOR,verified,66abb6b6619bb3000185fd06
TECH,prenom_invalide,marketing@pibsolutions.com,Marketing,,PIB Solutions,http://www.pibsolutions.com,http://www.linkedin.com/in/marketing-p-i-b-732956184,CEO,Marseille,France,PIB Solutions,verified,642c0e07cba8fb0001343bb0
TECH,secteur_hors_cible,antoine@dailyn.app,Antoine,Tison,Dailyn,http://www.dailyn.app,http://www.linkedin.com/in/antoine-tison,CEO,Lille,France,Dailyn,verified,66f7180a1f75270001fc6b54
TECH,secteur_hors_cible,t.doublet@exkee.com,Toni,Doublet,Exkee,http://www.exkee.com,http://www.linkedin.com/in/tonidoublet,Chief Executive Officer,Marseille,France,Exkee,verified,60cc5a8eb138290001a7aa15
TECH,secteur_hors_cible,fammar@nodevo.com,Fethi,Ammar,Nodevo,http://www.nodevo.com,http://www.linkedin.com/in/fammar,Fondateur et Gérant,Paris,France,Nodevo,verified,54a7098e7468696b7fb8530f
TECH,secteur_hors_cible,maxime.robin@innodura.fr,Maxime,Robin,Innodura TB,http://www.innodura.fr,http://www.linkedin.com/in/maxime-robin-b060b2b4,Président et Fondateur,Villeurbanne,France,Innodura TB,verified,5570647e7369642725ba0b00
TECH,secteur_hors_cible,jlesage@trainingsquare.com,Jerome,Lesage,Training Square,http://www.trainingsquare.com,http://www.linkedin.com/in/jeromelesage,Chairman and CEO,Paris,France,Training Square,verified,54a2621774686938256ee81e
TECH,secteur_hors_cible,florian@lesignobles.com,Florian,Blandin,Les Ignobles,http://www.lesignobles.com,http://www.linkedin.com/in/florian-blandin,"Co-Founder, Mobile Developer",Annecy,France,Les Ignobles,verified,628616ab0c86ce0001b0643f
TECH,verticale_brulee,sebastien.scuiereb@alyseo.com,Sebastien,Scuiereb,Alyseo,http://www.alyseo.com,http://www.linkedin.com/in/sebastien-scuiereb-46b5114,Owner & CEO,Nantes,France,Alyseo,verified,607eae49bf8a5a0001b80075
TECH,secteur_hors_cible,christophe.dehedin@coyote-automation.fr,Christophe,Dehedin,Coyote Automation,http://www.coyote-automation.fr,http://www.linkedin.com/in/christophe-dehedin-b0a42228,Chairman and CEO,Arras,France,Coyote Automation,verified,54a7052174686965d918b90d
TECH,secteur_hors_cible,g.rabier@mobility-for-business.com,Gwen,Rabier,Salon Mobility FOR Business,http://www.mobility-for-business.com,http://www.linkedin.com/in/gwenrabiermobility4business,Founder / Managing Director,Paris,France,SALON MOBILITY FOR BUSINESS,verified,66a9f72b3d903b000184ed47
TECH,secteur_hors_cible,mathieu.margot@promo.dev,Mathieu,Margot,Promo.dev,http://www.promo.dev,http://www.linkedin.com/in/mathieu-margot-87960943,Co-fondateur / Président,Marseille,France,PROMO.DEV,verified,54a332797468692e7196995b
TECH,secteur_hors_cible,isaac.allal@applipro.fr,Isaac,Allal,Applipro,http://www.applipro.fr,http://www.linkedin.com/in/isaac-allal-4a840658,Principal Chief Executive Officer,Strasbourg,France,Applipro,verified,54a5e0707468692abf6b15b0
TECH,secteur_hors_cible,pascal.robert@microtis.lu,Pascal,Robert,Microtis S.A,http://www.microtis.lu,http://www.linkedin.com/in/pascal-robert-565660a,CEO & Partner,,Luxembourg,Microtis S.A.,verified,5fa2b639c7825f000186eb2c
TECH,verticale_brulee,sb@creatic-agency.fr,Sebastien,Bonnifet,Creatic,http://www.creatic-agency.fr,http://www.linkedin.com/in/creatic86,Gérant / Co-fondateur,Liguge,France,CREATIC,verified,6706601ec4ec240001b5f1d8
TECH,secteur_hors_cible,thibaut.vantournhoudt@nexteneo.com,Thibaut,Vantournhoudt,Nexteneo,http://www.nexteneo.com,http://www.linkedin.com/in/thibaut-vantournhoudt-5ab95924,CEO @ Nexteneo,Annecy,France,NEXTENEO,verified,5570917c73696419094b4200
TECH,secteur_hors_cible,l.debars@saltitude.fr,Leni,Debars,Saltitude,http://www.saltitude.fr,http://www.linkedin.com/in/leni-debars-a041731a1,Game Designer & Co-Founder,Toulouse,France,Saltitude,verified,628eeee744799400018da2a4
TECH,secteur_hors_cible,steve.lourenco@salary.lu,Steve,Lourenco,Salary.lu,http://www.salary.lu,http://www.linkedin.com/in/steve-louren%c3%a7o-58540a188,Co-Founder & Lead Developer,,Luxembourg,Salary.lu,verified,61277f343686290001f89157
TECH,secteur_hors_cible,r.venturelli@vrd-studio.com,Raffaele,Venturelli,VRD Studio,http://www.vrd-studio.com,http://www.linkedin.com/in/raffaele-venturelli-ylo,Co-founder et Designer,Bordeaux,France,VRD Studio,verified,61667b1a775eb6000118d926
TECH,secteur_hors_cible,xavier.fery@komanche.fr,Xavier,Fery,Komanche,http://www.komanche.fr,http://www.linkedin.com/in/xavier-fery,CEO Komanche,Vernon,France,KOMANCHE,verified,6557181c7720730001c7c3df
TECH,secteur_hors_cible,felipe@exceenis.com,Felipe,Villar,exceenis,http://www.exceenis.com,http://www.linkedin.com/in/felipe-tebar-villar-a33132a4,Co-Founder & Industrial Director,Paris,France,exceenis,verified,66f719271f1450000136cd1c
TECH,secteur_hors_cible,dorian@lovelace.paris,Dorian,Delorme,Lovelace Studio,http://www.lovelace.paris,http://www.linkedin.com/in/dorian-delorme,Co-Founder & CTO,Paris,France,Lovelace Studio,verified,686943fd7594e30001328ffb
TECH,secteur_hors_cible,arne.peleman@rombit.be,Arne,Peleman,Rombit Solutions,http://www.rombitsolutions.com,http://www.linkedin.com/in/arne-peleman,Chief Executive Officer / Managing Director,Antwerp,Belgium,Rombit Solutions,verified,54a7bba2746869730af1654f
TECH,secteur_hors_cible,rh@bluefrogrobotics.com,Rodolphe,Hasselvander,Blue Frog Robotics,http://www.bluefrogrobotics.com,http://www.linkedin.com/in/rodolphehasselvander,Founder | Associate Director,Paris,France,BLUE FROG ROBOTICS 🤖,verified,6169355a0dbd6d0001d54779
TECH,secteur_hors_cible,remi@flowie.fr,Remi,Legorrec,Flowie,http://www.get-flowie.com,http://www.linkedin.com/in/remi-legorrec,Co-founder Chief Growth Officer,Paris,France,Flowie,verified,66f78f13ebc19900014f8a47
TECH,secteur_hors_cible,etienne@festik.net,Etienne,Kemlin,Festik,http://www.festik.fr,http://www.linkedin.com/in/%c3%a9tienne-kemlin-festik,"Co-Fondateur-Président, Fondateur",Toulouse,France,FESTIK,verified,6704e25d0034990001b39f85
TECH,secteur_hors_cible,alain@cyferall.com,Alain,Fernando-Santana,CyferAll™,http://www.cyferall.com,http://www.linkedin.com/in/alain-fernando-santana-753341,Chief Operating Officer & Co-Founder,Paris,France,CyferAll™,verified,54a415ed74686932090a962b
CONSEIL,doublon_entreprise,luke@haisai.ch,Luke,Watkins-Lewis,Haisai,http://www.haisai.ch,http://www.linkedin.com/in/lukewatkinslewis,CEO,Geneva,Switzerland,Haisai,verified,66f754a20efa5b00011b1a1d
CONSEIL,doublon_entreprise,paul@impactconsultants.eu,Paul,Rosen,Impact Consultants,http://www.impactconsultants.eu,http://www.linkedin.com/in/paul-de-rosen-b1848714,Co-fondateur CEO,Paris,France,IMPACT CONSULTANTS,verified,5eebed8968a430000150736d
CONSEIL,secteur_hors_cible,gunther.everaert@motisha.com,Gunther,Everaert,Motisha,http://www.motisha.com,http://www.linkedin.com/in/everaertgunther,CEO and Founder,Bruges,Belgium,Motisha,verified,5fcf6af39c16350001c88c1a
CONSEIL,secteur_hors_cible,yves@go-opale.com,Yves,Pourignaux,Organisation-Opale,http://www.go-opale.com,http://www.linkedin.com/in/yvespourignaux,Co-Founder,Namur,Belgium,ORGANISATION-OPALE,verified,54a6e88f746869705a674e03
CONSEIL,doublon_entreprise,jnh@wefy-group.com,Jean-Noel,Houdu,WEFY,http://www.wefy-group.com,http://www.linkedin.com/in/jhoudu,CEO / Co Founder,Paris,France,WEFY Group | Groupe EDG,verified,6790af84157a5800017f6e65
CONSEIL,doublon_entreprise,nicolas.laporta@y-sales.com,Nicolas,Laporta,Y-Sales,http://www.y-sales.com,http://www.linkedin.com/in/nicolas-laporta-026ba412,Co-Founder & CEO,Brussels,Belgium,Y-Sales,verified,60f128f4b30f92000115536f
CONSEIL,secteur_hors_cible,safir@lumeos.pro,Safir,Chelghoum,Lumeos,http://www.lumeos.pro,http://www.linkedin.com/in/safir-chelghoum,Founder & CEO,Lyon,France,LUMEOS,verified,6352947a69454800015cbccd
CONSEIL,secteur_hors_cible,asimon@inandoutstories.com,Arnaud,Simon,In&OutStories,http://www.inandoutstories.net,http://www.linkedin.com/in/arnaudsimonmedia,CEO & Founder,Paris,France,In&OutStories,verified,54a316f27468693fda453053
CONSEIL,verticale_brulee,tom.dematos@big-up-agency.com,Tom,Matos,BIG UP,http://www.big-up-agency.com,http://www.linkedin.com/in/tom-de-matos,Co-Founder & CEO,Bordeaux,France,BIG UP,verified,66ff74f53f12c90001e9e513
CONSEIL,secteur_hors_cible,octave@eukonomy.com,Octave,Bory,Eukonomy,http://www.eukonomy.com,http://www.linkedin.com/in/octavebory,Co-Founder and CEO,Paris,France,Eukonomy,verified,5ee86cef4e94c300019270d9
CONSEIL,secteur_hors_cible,ehoules@ouifield.com,Emmanuel,Houles,Ouifield,http://www.ouifield.fr,http://www.linkedin.com/in/emmanuel-houl%c3%a8s-34858049,Directeur Général - CEO,Paris,France,Ouifield,verified,66f242245d541d0001259f6e
CONSEIL,doublon_entreprise,esther.crauser-delbourg@waterwiser.fr,Esther,Crauser-Delbourg,Water Wiser,http://www.waterwiser.fr,http://www.linkedin.com/in/estherdelbourg,Economiste de L'eau,Paris,France,Water Wiser,verified,54a49e9d7468692fa2243356
CONSEIL,secteur_hors_cible,illan@sovalue.co,Illan,Glaubert,Sovalue,http://www.sovalue.co,http://www.linkedin.com/in/iglaubert,Co-Founder & CEO,Paris,France,Sovalue,verified,6620caa83318ac00072b8bdb
CONSEIL,verticale_brulee,gregory@hibiki.agency,Gregory,Herrmann,hibiki,http://www.hibiki.agency,http://www.linkedin.com/in/gregoryherrmann,Co-founder & CEO,Paris,France,hibiki,verified,66f5f217627ceb00017a6068
CONSEIL,secteur_hors_cible,j.marmissolle@shiftin.fr,Juliette,Marmissolle-Daguerre,Shift In,http://www.shiftin.fr,http://www.linkedin.com/in/shiftin,CEO and Founder,Neuilly-sur-Seine,France,Shift In,verified,55714b1d73696457ab075100
CONSEIL,doublon_entreprise,fabien.dieu@ask-group.fr,Fabien,Dieu,Ask,http://www.ask-group.fr,http://www.linkedin.com/in/fabien-dieu-18321874,CEO & Founder,Aix-en-Provence,France,Ask group,verified,54a51efd7468692abf65a67e
CONSEIL,secteur_hors_cible,yohan@praditus.com,Yohan,Ruso,Praditus,http://www.praditus.com,http://www.linkedin.com/in/yohanruso,Président & Co-fondateur,Paris,France,Praditus,verified,60cb484a701b6500017ecad7
CONSEIL,secteur_hors_cible,sdv@we-comply.be,Sacha,Vleeschouwer,Wecomply,http://www.we-comply.be,http://www.linkedin.com/in/sachadv,Founder & CEO,Brussels,Belgium,Wecomply,verified,5d22ab7ca3ae61735374acd9
CONSEIL,secteur_hors_cible,marie.laup@virtualbeehive.com,Marie,Laup,Virtual Beehive,http://www.virtualbeehive.com,http://www.linkedin.com/in/marie-laup-294863260,CFO- Co-founder,Paris,France,VIRTUAL BEEHIVE - We're committing,verified,656ffc800360a40001621033
CONSEIL,secteur_hors_cible,pvdv@advisoryteam.be,Patrick,Vandervelden,Advisory Team,http://www.advisoryteam.be,http://www.linkedin.com/in/patrickvanderveldenen,Co-founder,Brussels,Belgium,Advisory Team,verified,54c1662b7468697af7b7f307
CONSEIL,secteur_hors_cible,hannelore@boostwayscoaching.be,Hannelore,Verheyen,Boostways,http://www.boostways.be,http://www.linkedin.com/in/hanneloreverheyen,Founder & CEO,Rotselaar,Belgium,Boostways,verified,66f159a0798ad000019d435a
CONSEIL,verticale_brulee,sebastien.baciocchini@managerim.com,Sebastien,Baciocchini,MANAGERIM Management de Transition & Executive Search,http://www.managerim.com,http://www.linkedin.com/in/sebastienbaciocchini,CEO,Paris,France,MANAGERIM Management de Transition & Executive Search,verified,6114a4b11cc54a000156c8a1
CONSEIL,doublon_entreprise,jf@azfalte.com,Jean-Francois,Dhinaux,Azfalte,http://www.azfalte.com,http://www.linkedin.com/in/jfdhinaux,Founder & CEO,,France,AZFALTE -  Vélo en entreprise 🦸🏻‍♀️ 🦸‍♂️ 🚲,verified,5fcce237ef1f7700011a5883
CONSEIL,secteur_hors_cible,severine.colas@build-on.fr,Severine,Colas,Build ON,http://www.build-on.fr,http://www.linkedin.com/in/colas-severine,Founder,Paris,France,BUILD  ON,verified,54a6fc487468696de7307d0a
CONSEIL,doublon_entreprise,paul@bob-le-developpeur.com,Paul,Achard,Bob le développeur,http://www.bob-le-developpeur.com,http://www.linkedin.com/in/paulachard,CEO-Co Founder,Paris,France,Bob le développeur,verified,606f7cbd0d0eae0001253476
CONSEIL,doublon_entreprise,davio@radix.ai,Davio,Larnout,Superlinear,http://www.superlinear.eu,http://www.linkedin.com/in/daviolarnout,Co-founder & CEO,Pepingen,Belgium,Superlinear,verified,6114c14bd84aed000102f2f6
CONSEIL,secteur_hors_cible,jeremy.lamri@tomorrowtheory.com,Jeremy,Lamri,Tomorrow Theory,http://www.tomorrowtheory.com,http://www.linkedin.com/in/jeremylamri,CEO & Co-Founder,Paris,France,Tomorrow Theory,verified,610ac82aee5eea00012c0aba
CONSEIL,doublon_entreprise,clifford@yuccan.fr,Clifford,Mahu,Yuccan Lead,http://www.yuccan.app,http://www.linkedin.com/in/mahuclifford,Directeur Général - Late Founder - Associé,Paris,France,Yuccan Lead,verified,6860dbb8db9acc00018b4007
CONSEIL,hors_zone,eduard@proficircle.ro,Eduard,Daniliuc,ProfiCircle,http://www.proficircle.com,http://www.linkedin.com/in/eduarddaniliuc,Cofounder,,United Kingdom,ProfiCircle,verified,6809ae2b12240300012b27ca
CONSEIL,secteur_hors_cible,nicolas@think-igo.com,Nicolas,Leconte,Think IGO,http://www.think-igo.com,http://www.linkedin.com/in/nicolas-leconte-think-igo-conseil-rh,Co-Founder,Brussels,Belgium,Think IGO,verified,5b1c5783a6da98075fa21e77
CONSEIL,secteur_hors_cible,laurent.galabert@signeplus.com,Laurent,Galabert,Signe + / ressources et missions,http://www.signeplus.com,http://www.linkedin.com/in/laurent-galabert-5073a817,Directeur Général - Fondateur,Toulouse,France,Signe + / ressources et missions,verified,56afb993f3e5bb3d370155b6
CONSEIL,secteur_hors_cible,s.maglie@ratios.ch,Stefano,Maglie,Ratios,http://www.ratios.ch,http://www.linkedin.com/in/stefano-maglie-59345a8b,Co-founder,Neuchatel,Switzerland,Ratios,verified,57de3992a6da987af53c21c0
CONSEIL,secteur_hors_cible,f.christophe@audacy.fr,Florent,Christophe,Audacy,http://www.audacy.fr,http://www.linkedin.com/in/flchristophe,Founder - Managing Partner,Paris,France,Audacy,verified,60ec3152372b37000113ca55
CONSEIL,secteur_hors_cible,aespezel@mauclairal.com,Antoine,Espezel,Mauclairal Conseil,http://www.mauclairal.com,http://www.linkedin.com/in/antoine-espezel-26906027,Founder,Tournefeuille,France,MAUCLAIRAL CONSEIL,verified,6aaf171675454b000182696c
CONSEIL,secteur_hors_cible,f.blouin@foodservicevision.fr,Francois,Blouin,Food Service Vision,http://www.foodservicevision.fr,http://www.linkedin.com/in/fran%c3%a7ois-blouin-5103b54,Founder & CEO,Lyon,France,Food Service Vision,verified,60a9db721dc3f60001f26e2e
CONSEIL,secteur_hors_cible,fabio.beretta@vesper-aero.com,Fabio,Beretta,Lutin Rouge,http://www.lutinrouge.eu,http://www.linkedin.com/in/fabio-beretta,Manager,,France,Lutin Rouge,verified,54aae41b74686908c8ad0f1c
CONSEIL,secteur_hors_cible,jml@quadra-consultants.com,Jean-Marie,Leroy,Quadra Consultants,http://www.quadra-consultants.com,http://www.linkedin.com/in/jean-marie-leroy-556a35ab,CEO,Paris,France,Quadra Consultants,verified,54c184617468697af7274c1b
CONSEIL,doublon_entreprise,thomas@kayro.ai,Thomas,Solignac,kayro.ai,http://www.kayro.ai,http://www.linkedin.com/in/thomas-solignac,Co-Founder,Paris,France,kayro.ai,verified,6675550d09418c00019d68a8
CONSEIL,secteur_hors_cible,david@ovation.eco,David,Valentiny,Ovation.eco,http://www.ovation.eco,http://www.linkedin.com/in/david-valentiny-7129188,CEO and Cofounder,Liege,Belgium,Ovation.eco,verified,54a1c23674686958606c930e
CONSEIL,secteur_hors_cible,lola@hunny.business,Lola,Trehard,Hunny,http://www.hunny.business,http://www.linkedin.com/in/lola-parichon-trehard-68650aa4,Founder,Geneva,Switzerland,HUNNY,verified,563a2e61a6da9846da0039eb
CONSEIL,secteur_hors_cible,charlotte@2bemind.be,Charlotte,Debeuf,2beMind,http://www.2bemind.be,http://www.linkedin.com/in/charlotte-debeuf-hr-2bemind,Co-Founder,Kuurne,Belgium,2beMind,verified,66f12bc90ad0580001fd3e70
CONSEIL,secteur_hors_cible,pierre@mineleadership.eu,Pierre,Mine,Mine Leadership,http://www.mineleadership.eu,http://www.linkedin.com/in/pierre-mine-2243894,Founder & Managing Partner,Brussels,Belgium,Mine Leadership,verified,54eb448374686931b8ad8b0d
CONSEIL,secteur_hors_cible,m.ottiglio@eleveya.com,Mario,Ottiglio,Eleveya,http://www.eleveya.com,http://www.linkedin.com/in/marioottiglio,Founder and Managing Director,Geneva,Switzerland,Eleveya,verified,54a93f5574686930adc9eb0e
CONSEIL,secteur_hors_cible,jeffrey@wearestudium.com,Jeffrey,Meyus,Studium,http://www.wearestudium.com,http://www.linkedin.com/in/jeffrey-meyus-801178104,Co-founder & CEO,Vichy,France,Studium,verified,57d9451ea6da9872166265ab
CONSEIL,secteur_hors_cible,t.thomas@valtalis.com,Thierry,Thomas,Valtalis,http://www.valtalis.com,http://www.linkedin.com/in/thierrythomas,CEO,Paris,France,VALTALIS,verified,54a454ac74686938ac665f3f
CONSEIL,secteur_hors_cible,cvanderven@tulipconsulting.ch,Colette,Van Der Ven,Tulip Consulting,http://www.tulipconsulting.ch,http://www.linkedin.com/in/colettev,Founder and Director,Geneva,Switzerland,Tulip Consulting,verified,611a074acfbc7300014db224
CONSEIL,secteur_hors_cible,valerie@cap4hr.be,Valerie,Roels,Cap4HR,http://www.cap4hr.be,http://www.linkedin.com/in/val%c3%a9rie-roels-386b413a,Founder & General Manager,Charleroi,Belgium,Cap4HR,verified,663c696c60c2e20001c08e15
CONSEIL,secteur_hors_cible,jean-pierre@mbet-consultants.fr,Jean-Pierre,Boccara,MBeT Consultants,http://www.mbet-consultants.fr,http://www.linkedin.com/in/jean-pierre-boccara-bb986012,Co-fondateur & Directeur Général,Paris,France,MBeT Consultants,verified,54a4d205746869367687c765
CONSEIL,secteur_hors_cible,hendrik.geleyte@grpartners.be,Hendrik,Geleyte,GR & Partners,http://www.grpartners.be,http://www.linkedin.com/in/hendrikgeleyte,Founder and Managing Partner,Brussels,Belgium,GR & Partners,verified,55c9d41ff3e5bb6227005d45
CONSEIL,secteur_hors_cible,jocelyn.muret@akoyaconsulting.com,Jocelyn,Muret,Akoya,http://www.akoya.group,http://www.linkedin.com/in/jocelyn-muret,Co-founder & Partner,Paris,France,Akoya,verified,609b930eec679d0001040939
CONSEIL,secteur_hors_cible,bernard.baeumlin@cabinet-baeumlin.com,Bernard,Baeumlin,Cabinet Baeumlin,http://www.cabinet-baeumlin.com,http://www.linkedin.com/in/bernard-baeumlin-366663111,Founder,Didenheim,France,CABINET BAEUMLIN,verified,66fe18cc632408000169470e
CONSEIL,secteur_hors_cible,chris.boston@physicare.fr,Chris,Boston,Physicare,http://www.physicare.fr,http://www.linkedin.com/in/chrisboston-physicare,CEO & Founder Physicare,Paris,France,Physicare,verified,63a9835f5e757f0001c0e869
CONSEIL,doublon_entreprise,sebastien.vanotti@komeet.tech,Sebastien,Vanotti,Komeet Technologies,http://www.komeet.tech,http://www.linkedin.com/in/s%c3%a9bastien-vanotti-219a747a,"Co-fondateur, Directeur Général",Paris,France,Komeet Technologies,verified,5b5fe642060cd41312bc3cfe
CONSEIL,secteur_hors_cible,pierre.tuvi@syvision.net,Pierre,Tuvi,SyVision,http://www.syvision.net,http://www.linkedin.com/in/pierre-tuvi-01978,CEO,Paris,France,SyVision - International Business Development,verified,6365075a7231ff0001ef1359
CONSEIL,secteur_hors_cible,ludovic.bourg@lorenzandhamilton.com,Ludovic,Bourg,Lorenz & Hamilton,http://www.lorenzandhamilton.com,http://www.linkedin.com/in/ludovic-bourg-a854079,CEO Lorenz and Hamilton,Paris,France,Lorenz & Hamilton group,verified,54a2b30d7468693825d5d336
CONSEIL,secteur_hors_cible,michel.simond@sowepro.com,Michel,Simond,Sowepro,http://www.sowepro.com,http://www.linkedin.com/in/michel-simond-b8456787,CEO,Paris,France,SOWEPRO,verified,557043b373696404c2fc5f00
CONSEIL,secteur_hors_cible,cclerc@delfingen.com,Christophe,Clerc,Delfingen,http://www.delfingen.com,http://www.linkedin.com/in/christophe-clerc-43445b1a8,Vice Président - Chief Corporate Officer,Besancon,France,DELFINGEN,verified,60edaf882a6baa0001e533a6
CONSEIL,secteur_hors_cible,rita@neto-innovation.com,Rita,Faddoul,NETO Innovation,http://www.neto-innovation.com,http://www.linkedin.com/in/rita-faddoul-97988253,Founder & President,Trets,France,NETO Innovation,verified,5f843edfcf111e000186a3ff
CONSEIL,secteur_hors_cible,rmartin@cartesio.fr,Raphael,Martin,Cartesio,http://www.cartesio.fr,http://www.linkedin.com/in/raphaelmartincartesio,CEO,Rennes,France,CARTESIO,verified,661ad00a4b25280007f16aca
CONSEIL,secteur_hors_cible,remi@stratanticipation.com,Remi,Cornubert,Strat Anticipation,http://www.stratanticipation.com,http://www.linkedin.com/in/remicornubert,Founder & President,Paris,France,STRAT ANTICIPATION,verified,66f7f142eee1360001a9daac
CONSEIL,secteur_hors_cible,craig.mclatchey@eks.com,Craig,McLatchey,EKS,http://www.eks.com,http://www.linkedin.com/in/craig-mclatchey-a-o-b4182014,CEO,Lausanne,Switzerland,EKS - a SPORTFIVE Company,verified,57e01cd6a6da980b4a0d2136
CONSEIL,secteur_hors_cible,guilhem@invox.fr,Guilhem,Bertholet,Invox,http://www.invox.fr,http://www.linkedin.com/in/guilhembertholet,CEO,Lyon,France,Invox,verified,66f2b617047e9f0001001a1e
CONSEIL,secteur_hors_cible,benoit@jungle-project.com,Benoit,Ratinaud,Jungle-Project,http://www.jungle-project.com,http://www.linkedin.com/in/ratinaud,Process & Implementation | Co-founder,,France,Jungle-Project,verified,54a3e7467468693676c4771c
CONSEIL,secteur_hors_cible,adrien@conversion-boosters.com,Adrien,Turckheim,Conversion Boosters,http://www.conversion-boosters.com,http://www.linkedin.com/in/adrien-de-turckheim,Happy Co-founder & CEO,Strasbourg,France,Conversion Boosters,verified,66f55feb9f3f2e00018e718d
CONSEIL,secteur_hors_cible,dylan.mendes@wearesales.com,Dylan,Mendes,We Are Sales,http://www.wearesales.com,http://www.linkedin.com/in/dylanmendes,Founder,Lausanne,Switzerland,We Are Sales,verified,614b62d79b8e50000123e5af
CONSEIL,secteur_hors_cible,vincent@officeangels.be,Vincent,Van Leemputten,WeAreAngels,http://www.officeangels.be,http://www.linkedin.com/in/vlvincent,Chief Executive Officer,Mechelen,Belgium,WeAreAngels,verified,54abd5947468693007ff3210
CONSEIL,secteur_hors_cible,rdeponge@coupdepoing.com,Roland,Deponge,Coup de Poing,http://www.coupdepoing.com,http://www.linkedin.com/in/rolanddeponge,CEO,Nice,France,Coup de Poing,verified,5570929b73696425a6ed4500
CONSEIL,secteur_hors_cible,jdoneddu@nivac.com,Jacky,Doneddu,Nivac,http://www.nivac.com,http://www.linkedin.com/in/jacky-doneddu-776b6768,Fondateur et Directeur Général,Paris,France,Nivac,verified,54a6143074686938aca87fc0
CONSEIL,secteur_hors_cible,jpinto@caps-solutions.com,Joaquin,Ferrand,Corporate Affairs Partnering Solutions,http://www.caps-solutions.com,http://www.linkedin.com/in/joaquinpintoferrand,Founder & Director,Paris,France,Corporate Affairs Partnering Solutions,verified,54a7395e74686975f8f0bb20
CONSEIL,secteur_hors_cible,km@blooming-strategy.com,Kevin,Mozas,Blooming,http://www.blooming-strategy.com,http://www.linkedin.com/in/kmozas,Co-fondateur & Président,Montpellier,France,Blooming,verified,54a201787468692e71cdcd04
CONSEIL,secteur_hors_cible,chloe@avalon.fr,Chloe,Guilfoyle,Avalon,http://www.avalon.fr,http://www.linkedin.com/in/chloeguilfoyle,Founder @Avalon,Paris,France,Avalon,verified,66fe6cb2afd16b00014902bb
CONSEIL,secteur_hors_cible,schurchill@bridgestodevelopment.org,Sarah,Churchill,Bridges to Development,http://www.bridgestodevelopment.org,http://www.linkedin.com/in/sarchurch,Partner & Co-founder,Geneva,Switzerland,Bridges to Development,verified,55710ee973696404e4290900
CONSEIL,doublon_entreprise,qpr@yuzucorp.com,Quentin,Prechoux,Yuzu Corp,http://www.yuzucorp.com,http://www.linkedin.com/in/quentinprechouxsales,Co-founder,Nantes,France,Yuzu Corp,verified,6a493bfecb77db00013a467b
CONSEIL,secteur_hors_cible,j.laherrere@rmd-technologies.com,Jean,Laherrere,RMD-Technologies,http://www.rmd-technologies.com,http://www.linkedin.com/in/jean-laherrere,CEO and Founder RMD Technologies,La Rochelle,France,RMD-Technologies,verified,54a3f8c47468692abf0b6f21
CONSEIL,secteur_hors_cible,gregory.cordano@pilot500.com,Gregory,Cordano,Pilot500,http://www.pilot500.com,http://www.linkedin.com/in/gregory-cordano,CEO & Managing Partner,Paris,France,Pilot500,verified,54a51c3d7468692cf0b0c67d
CONSEIL,secteur_hors_cible,michal.neumann@market-connect.com,Michal,Neumann,Market Connect,http://www.market-connect.com,http://www.linkedin.com/in/michal-neumann-,CEO,Luxembourg City,Luxembourg,Market Connect,verified,54a818677468696de7073660
CONSEIL,doublon_entreprise,ftresallet@corpokarma.com,Fanny,Tresallet,CorpoKarma,http://www.corpokarma.com,http://www.linkedin.com/in/fannytresallet,Co-Founder,,France,CorpoKarma,verified,54abd96f746869332df1c811
CONSEIL,secteur_hors_cible,saskia@sass-executivesearch.com,Saskia,Salzmann,SasS Executive Search,http://www.sass-executivesearch.com,http://www.linkedin.com/in/saskia-salzmann-77a86273,Founder & Managing Partner,Geneva,Switzerland,SasS Executive Search,verified,54a6f13f74686965d95d7806
CONSEIL,secteur_hors_cible,clenest@sbtexecutive.com,Cedric,Nest,SBT Executive,http://www.sbtexecutive.com,http://www.linkedin.com/in/cedriclenest,Founder & Managing Partner,Paris,France,SBT Executive,verified,6517bfb5eea1590001d157c1
CONSEIL,secteur_hors_cible,pierre.chiffoleau@mc-associes.com,Pierre,Chiffoleau,M&C Associés,http://www.mc-associes.com,http://www.linkedin.com/in/pierre-chiffoleau-41bab4107,Fondateur & Président,Paris,France,M&C ASSOCIÉS,verified,57db811fa6da9868b3a06ca5
CONSEIL,secteur_hors_cible,mthoraval@ilexenvironnement.fr,Mathieu,Thoraval,Ilex Environnement,http://www.ilexenvironnement.fr,http://www.linkedin.com/in/mathieu-thoraval,Co-Fondateur / Directeur Général,Paris,France,Ilex Environnement,verified,55d6c89af3e5bb666d003d51
CONSEIL,doublon_entreprise,tvignes@laboetiepartners.com,Thibault,Vignes,LA Boetie Partners,http://www.laboetiepartners.com,http://www.linkedin.com/in/thibaultvignes,Partner & Co-founder,Paris,France,LA BOETIE PARTNERS,verified,54a4432e7468692abff85d39
CONSEIL,secteur_hors_cible,alban.delsol@runview.fr,Alban,Delsol,Runview,http://www.runview.fr,http://www.linkedin.com/in/albandelsol,CEO,Paris,France,Runview,verified,66f6e66f57022d00012572ad
CONSEIL,secteur_hors_cible,annaelle@blinked.fr,Annaelle,Assaraf,Blinked I Jaws,http://www.blinked.fr,http://www.linkedin.com/in/annaelle-assaraf-378673b0,CEO,Paris,France,Blinked I Jaws Group,verified,66fcfb41b88d2200010ce412
CONSEIL,secteur_hors_cible,veerle@kennedybenelux.com,Veerle,Van De Vijver,Kennedy Executive Benelux,http://www.kennedybenelux.com,http://www.linkedin.com/in/veerle-van-de-vijver,Founder & Partner,Ghent,Belgium,Kennedy Executive Benelux,verified,67fcc60664edb70001a192e9
CONSEIL,secteur_hors_cible,stephane.bellon@studionomie.com,Stephane,Bellon,StudioNomie,http://www.studionomie.com,http://www.linkedin.com/in/st%c3%a9phane-bellon-studionomie,"Founder, Managing Director",Geneva,Switzerland,StudioNomie,verified,6704d0b4220f86000165c697
CONSEIL,secteur_hors_cible,philippe.gicquel@cil4sys.com,Philippe,Gicquel,CIL4Sys Engineering,http://www.cil4sys.com,http://www.linkedin.com/in/philippe-gicquel-0a1912a,CEO,Paris,France,CIL4Sys Engineering,verified,6079752a4d66aa0001b8669e
CONSEIL,secteur_hors_cible,gep@brpsa.com,Patrick,Genazzi,BRP Bizzozero & Partners,http://www.brpsa.com,http://www.linkedin.com/in/patrick-genazzi-cross-border-reg-tech,"CEO, Partner",Geneva,Switzerland,BRP Bizzozero & Partners SA,verified,6052d8b641ae0900011b4a1a
CONSEIL,secteur_hors_cible,francois.hoehlinger@tolv-systems.com,Francois,Hoehlinger,intermobility,http://www.intermobility.net,http://www.linkedin.com/in/hoehlinger,Co-founder,Mundolsheim,France,intermobility,verified,671cdcfb253d07000110f9fd
CONSEIL,doublon_entreprise,manuella@widoo.eu,Manuella,Falchi,Widoo,http://www.widoo.eu,http://www.linkedin.com/in/manuella-falchi-baa68a8b,Co-founder & Network Development Manager,,Luxembourg,Widoo,verified,5f8607047c55c100018a2a4c
CONSEIL,secteur_hors_cible,emilie.lopin@vig.ie,Emilie,Lopin,Vigie,http://www.vig.ie,http://www.linkedin.com/in/emilie-lopin-7176405,Associate Founder,Paris,France,Vigie,verified,54c1f7ee7468691639c75164
CONSEIL,secteur_hors_cible,ine.meeussen@ufinity.be,Ine,Meeussen,Ufinity,http://www.ufinity.be,http://www.linkedin.com/in/inemeeussen,Founder | Ufinity - Your Plus in Finance,Antwerp,Belgium,Ufinity,verified,60e6f600acc3920001e48031
CONSEIL,secteur_hors_cible,kim@tryangle.be,Kim,Hilgert,Tryangle Happiness and Well-Being at Work,http://www.tryangle.be,http://www.linkedin.com/in/kimhilgert,Co-founder & Corporate Well-being Consultant,Niel,Belgium,Tryangle Happiness and Well-Being at Work,verified,54a6f2e274686975f8ea2107
CONSEIL,verticale_brulee,marvin@skyseo.biz,Marvin,Tranchant,Skyseo,http://www.skyseo.biz,http://www.linkedin.com/in/mtranchant,🚀 Gérant & Fondateur | Expert SEO,La Rochelle,France,Skyseo,verified,54ec4a617468694311f46478
CONSEIL,secteur_hors_cible,pascal.cotte@leadactiv.fr,Pascal,Cotte,LeadActiv,http://www.leadactiv.fr,http://www.linkedin.com/in/pascal-cotte-919ba06,CEO @LeadActiv | Agence de Prospection Digitale |,Lyon,France,LeadActiv,verified,66f57685133e1400013cb03f
CONSEIL,secteur_hors_cible,evrard@solio-group.com,Evrard,Havyarimana,Solio,http://www.solio-group.com,http://www.linkedin.com/in/evrard-havyarimana-07450a24,Chief Executive Officer & Head of the Executive Committee,,France,Solio Group,verified,54a2807d7468693fdad0f627
CONSEIL,secteur_hors_cible,marion@leadist.eu,Marion,Min,Leadist,http://www.leadist.eu,http://www.linkedin.com/in/marion-min-02714923,CEO Leadist Agency & Gravity Influencers,,Belgium,LEADIST,verified,54a7c89e7468696b7f29f850
CONSEIL,secteur_hors_cible,olivier.germain@reseau-dynamique.fr,Olivier,Germain,réseau dynamique®,http://www.reseau-dynamique.fr,http://www.linkedin.com/in/olivier-krein-germain-a5880658,Président de la SAS RD Développement et co Fondateur de la Marque Réseau Dynamique.,Reims,France,réseau dynamique® - France,verified,60fb2c4c29499800012739ff
CONSEIL,secteur_hors_cible,mathieu@kruisraket.be,Mathieu,Pacqueu,Kruisraket,http://www.kruisraket.be,http://www.linkedin.com/in/mathieupacqueu,Founder Kruisraket - Digital Marketing Agency,Roeselare,Belgium,Kruisraket,verified,66f5b0d82cb09a00017a3744
CONSEIL,secteur_hors_cible,damien@retis.be,Damien,Jacob,Retis,http://www.retis.be,http://www.linkedin.com/in/damienjacob,"Founder, Senior Consultant in E-commerce Strategies",,France,Retis,verified,54c2a8237468697af7510eb6
CONSEIL,secteur_hors_cible,bbendahan@leonassocies.com,Benjamin,Bendahan,Léon & Associates,http://www.leonassocies.com,http://www.linkedin.com/in/benjaminbendahan,Co-Founder | Search Firm | IT & Executive,Marseille,France,Léon & Associates,verified,67a765e956990a0001975849
CONSEIL,secteur_hors_cible,aurelie.sebag@glori.fr,Aurelie,Sebag,Glori Prestige,http://www.gloriprestige.com,http://www.linkedin.com/in/aurelie-sebag,CEO & CO-Fonder Glori Prestige,Paris,France,GLORI PRESTIGE - Training & consulting,verified,5e7f4f8596ad4300017012a3
CONSEIL,secteur_hors_cible,manuel@kleever.com,Manuel,Mercier,Kleever,http://www.kleever.com,http://www.linkedin.com/in/merciermanuel,Co-founder # We're Hiring Talents IT ! #RPO,Paris,France,KLEEVER,verified,54a4e79a7468693442d3db6c
CONSEIL,secteur_hors_cible,halim@webofly.com,Halim,Rihani,Webofly,http://www.webofly.com,http://www.linkedin.com/in/halim-rihani-a835aa82,CEO & Full-Stack Performance Marketer,Nogent-sur-Marne,France,Webofly,verified,54fa6ad77468694c9c669600
CONSEIL,secteur_hors_cible,ebobin@opentourismelab.com,Emmanuel,Bobin,Open Tourisme Lab,http://www.opentourismelab.com,http://www.linkedin.com/in/emmanuel-bobin-30139245,CEO - Startup Accelerator & Open Innovation hub,Montpellier,France,Open Tourisme Lab,verified,66ed27decdcf930001e1ec72
CONSEIL,secteur_hors_cible,kristien@simply-grow.be,Kristien,Van Nieuwenhove,Simply Grow,http://www.simply-grow.be,http://www.linkedin.com/in/kristien-van-nieuwenhove,CEO van kvn HR & Simply Grow,Brakel,Belgium,Simply Grow,verified,6703b20bcc033c00018ac6c2
CONSEIL,secteur_hors_cible,bartek.czyczerski@zpbsp.com,Bartek,Czyczerski,Business & Science Poland,http://www.zpbsp.com,http://www.linkedin.com/in/bartekczyczerski,CEO,Brussels,Belgium,Business & Science Poland,verified,59dc2bfda6da981a198c07d7
CONSEIL,secteur_hors_cible,luk@yellowstripes.be,Luk,Verbist,Yellow Stripes,http://www.yellowstripes.be,http://www.linkedin.com/in/luk-verbist,Founder CIO Yellow Stripes,Kalmthout,Belgium,Yellow Stripes,verified,5ffc37453c349d0001b724c9
CONSEIL,secteur_hors_cible,remco@lonewolves.eu,Remco,Van Der Beek,Lone Wolves,http://www.lonewolves.eu,http://www.linkedin.com/in/vanderbeek,Strategy & Analytics Wolf / Founder & Managing Director,Brussels,Belgium,Lone Wolves,verified,66f034bbf89640000127f748
CONSEIL,secteur_hors_cible,roxana.dude@sagora.eu,Roxana,Dude,Sagora Finance,http://www.sagora.eu,http://www.linkedin.com/in/roxana-emanuela-dude,Head of Sagora Academy | Founder & Instructional Designer,Leuven,Belgium,Sagora Finance  | Luxembourg and Belgium,verified,54a758d17468696b7f2c0d2c
CONSEIL,secteur_hors_cible,cecile.lenoan@capprofrance.com,Cecile,Lenoan,CAP & PRO France,http://www.capprofrance.com,http://www.linkedin.com/in/c%c3%a9cile-lenoan,CEO - Agence CAP & PRO Alpes,Chambery,France,CAP & PRO France,verified,6058721e3d37990001780304
CONSEIL,secteur_hors_cible,mathias@ikoon.biz,Mathias,Steenhuyse,ikoon,http://www.ikoon.biz,http://www.linkedin.com/in/mathias-steenhuyse,Founder en Owner: Ikoon & Steenhuyse Interieurarchitecten,Tielt,Belgium,ikoon,verified,54a286797468693a7eb39f29
CONSEIL,secteur_hors_cible,dan@daitd.com,Dan,Alexander,Dan Alexander + Co,http://www.daitd.com,http://www.linkedin.com/in/dan-alexander-a5674715,"Founder, Senior Creative Director of Strategy and Design",Paris,France,Dan Alexander + Co.,verified,62d67a1f444067000106c727
CONSEIL,secteur_hors_cible,anthony.akin@sogeri.fr,Anthony,Akin,Sogeri,http://www.sogeri.fr,http://www.linkedin.com/in/anthony-akin-62057b80,Co-fondateur et Président de la Sogeri,Paris,France,SOGERI,verified,659900aaaf89a70001826442
CONSEIL,secteur_hors_cible,christophe.sabatier@bioledgepartners.com,Christophe,Sabatier,Bioledge,http://www.bioledgepartners.com,http://www.linkedin.com/in/christophesabatier,Founder & Director of Bioledge - Strategic Intelligence Analyst,Lyon,France,BIOLEDGE,verified,54a2bd367468693fda143139
CONSEIL,secteur_hors_cible,virginie@lobster-innovation.com,Virginie,Bernard,Lobster,http://www.lobster-innovation.com,http://www.linkedin.com/in/virginiebernard1,Founder - Innovation & Design (User Centric Approach - Design Thinking),Paris,France,Lobster,verified,57d3441fa6da986578cbeca6
CONSEIL,secteur_hors_cible,marc@archetype-eu.com,Marc,Diamant,Archetype,http://www.archetype-eu.com,http://www.linkedin.com/in/marcdiamant,CEO - Human Capital Expert in Sales & Marketing & Management,Brussels,Belgium,Archetype,verified,54ab6e2d7468690ae6ffe206
CONSEIL,secteur_hors_cible,ludovic@declic-mkg.com,Ludovic,Mattern,Déclic,http://www.declic-mkg.com,http://www.linkedin.com/in/ludovicmattern,🌍🌱 Founder & Part Time CRM Manager 🌍🌱,Strasbourg,France,Déclic,verified,66fc202efe1d850001914d7a
CONSEIL,secteur_hors_cible,anne.asselin@sayari.co,Anne,Asselin,Sayari,http://www.sayari.co,http://www.linkedin.com/in/anne-claire-asselin,Founder - Biodiversity Strategy - Climate - Water - LCA,Paris,France,Sayari,verified,68011127b58b400001ba7a65
CONSEIL,secteur_hors_cible,gregory.mugnier@axoneandpartners.com,Gregory,Mugnier,Axone & Partners,http://www.axoneandpartners.com,http://www.linkedin.com/in/gregory-mugnier,CEO | Consultant en Marketing Stratégique et Opérationnel,Annecy,France,Axone & Partners,verified,650ee23931441f00018038ab
CONSEIL,secteur_hors_cible,julien.bonte@all4feed.com,Julien,Bonte,All4feed,http://www.all4feed.com,http://www.linkedin.com/in/animal-health-nutrition-consultant-julien-bonte,Founder l Senior Expert Consultant in Animal Health and Nutrition,Taden,France,ALL4FEED,verified,6706342c3454d90001ddd83a
CONSEIL,secteur_hors_cible,davidcesson@ateliercplusm.com,David,Cesson,Atelier C+M,http://www.ateliercplusm.com,http://www.linkedin.com/in/david-cesson-9557728b,CEO & Directeur Technique (Atelier C+M & MonBureaudEtudes.com),Paris,France,Atelier C+M,verified,57d396a3f651252c39baf7e4
CONSEIL,secteur_hors_cible,celine.prieur@gpomag.fr,Celine,Prieur,GPO Magazine,http://www.gpomag.fr,http://www.linkedin.com/in/c%c3%a9line-prieur-9663a834,CEO - Directeur de la Publication GPO Magazine & GPOMag.fr,Troyes,France,GPO Magazine,verified,54ec467e746869431187f574
CONSEIL,secteur_hors_cible,marcsauvage@inboundvalue.com,Marc,Sauvage,Inbound Value,http://www.inboundvalue.com,http://www.linkedin.com/in/marcsauvage,CEO - Agence Inbound Marketing - Hubspot Diamond Partner,Montpellier,France,Inbound Value,verified,66f40ef3480d9700010b6759
CONSEIL,secteur_hors_cible,schichery@tcma-conseil.fr,Stephane,Chichery,TCMA Trading Consulting Management & Associés,http://www.tcma-conseil.fr,http://www.linkedin.com/in/stephane-chichery-11110520,President / Fondateur,Aix-en-Provence,France,TCMA Trading Consulting Management & Associés,verified,54a2e3b17468692e718ec444
CONSEIL,secteur_hors_cible,diran.boehm@bb-b.fr,Mark,Boehm,bb&b,http://www.bb-b.net,http://www.linkedin.com/in/markdiranboehm,"Founder, Director, International Management Consultant, Industries & Technologies",Paris,France,bb&b,verified,66f1ab8181589d0001f56a97
CONSEIL,secteur_hors_cible,erendiz@az-solutions.be,Erendiz,Ates,AZ-Solutions,http://www.az-solutions.be,http://www.linkedin.com/in/erendizates,Co-founder | Certified LinkedIn® Trainer & Social Selling Coach,Bocholt,Belgium,AZ-Solutions | LinkedIn® Strategy & Training,verified,62011fd9679ad00001ad7019
CONSEIL,secteur_hors_cible,nicolas.suchier@transylience.fr,Nicolas,Suchier,TranSyLience,http://www.transylience.fr,http://www.linkedin.com/in/nicolas-suchier-93614a28,Président et Co-Fondateur - Consultant Stratégie Bas-Carbone,Saint-Joseph-de-Riviere,France,TranSyLience,verified,54a5ede07468693209e461b4
CONSEIL,secteur_hors_cible,laurent@valetudo.io,Laurent,Brice,Vale Tudo,http://www.valetudo.io,http://www.linkedin.com/in/laurentbrice,Fondateur & Gérant de l'Agence SEO * VALE TUDO * 🥊,Toulouse,France,Vale Tudo,verified,54a4417474686938ac2d4539
CONSEIL,secteur_hors_cible,mathieu.grajoszex@dmh-aphp.fr,Mathieu,Grajoszex,Digital Medical Hub,http://www.digitalmedicalhub.com,http://www.linkedin.com/in/mathieu-grajoszex-3606a5b4,Co-fondateur - President Directeur General,Paris,France,Digital Medical Hub,verified,57d3904df651252c2173d631
CONSEIL,secteur_hors_cible,sebastienlarge@cdgconseil.fr,Sebastien,Large,CDG Conseil,http://www.cdgconseil.com,http://www.linkedin.com/in/s%c3%a9bastien-large-56745b7b,Managing Partner,Lyon,France,CDG Conseil,verified,671ce62de034dc000138d9d2
CONSEIL,secteur_hors_cible,theo.lefevre@safe-up.com,Theo,Lefevre,Safe UP,http://www.safe-up.com,http://www.linkedin.com/in/theolefevre-safeup,Consultant / Formateur en Prévention des Addictions - Fondateur et Gérant de la Société SAFE UP,Clermont-Ferrand,France,SAFE UP,verified,5e84facc4b8a5c0001e09ba9
CONSEIL,secteur_hors_cible,pierre-andre.camps@s3p-conseils.com,Pierre-Andre,Camps,S3P,http://www.s3p-conseils.com,http://www.linkedin.com/in/pierreandrecamps,President et Co-fondateur,,France,S3P - STRATEGIC PERSONAL PLANNING PROCESS,verified,55cc9509f3e5bb6936003a34
CONSEIL,secteur_hors_cible,p.peroceschi@auditconsulting.com,Patrick,Peroceschi,Cabinet Audit Consulting,http://www.auditconsulting.com,http://www.linkedin.com/in/patrick-peroceschi-48b3545a,President Fondateur D’audit Consulting,Hyeres,France,"Cabinet Audit Consulting, Expert-comptable",verified,67c53d6512663c0001a2129c
CONSEIL,secteur_hors_cible,,Gianni,Gaspari,NOA,http://www.noagroup.africa,http://www.linkedin.com/in/gdegaspari,Mentor,Genk,Belgium,NOA,unavailable,60bf7611c9fa9900014d33f0
CONSEIL,secteur_hors_cible,gael.ludwiczak@latgroup.com,Gael,Ludwiczak,LAT,http://www.latgroup.com,http://www.linkedin.com/in/gael-ludwiczak-2a54372,Chief Executive Manager (Owner),Paris,France,LAT GROUP,verified,6000320ed8a1600001c6243c
CONSEIL,secteur_hors_cible,asilvert@world-sellers.com,Adrien,Silvert,World Sellers,http://www.world-sellers.com,http://www.linkedin.com/in/adrien-silvert-17640630,"Co-Fondateur-CTO, Consultant Project Manager",Lille,France,World Sellers,verified,54eaf5ee74686931e223d504
TECH,doublon_entreprise,stephane.dothee@odonatech.com,Stephane,Dothee,Odonatech,http://www.odonatech.com,http://www.linkedin.com/in/stephanedothee,CEO,Grenoble,France,Odonatech,verified,66fa9b0a34ff8c0001a4667b
TECH,doublon_entreprise,alexis@pulsivit.fr,Alexis,Charriere,Pulsiv'IT,http://www.pulsivit.fr,http://www.linkedin.com/in/alexis-charriere,CEO & Co-founder,Paris,France,Pulsiv'IT,verified,5dcb259bf3069b0001c3fdd4
TECH,verticale_brulee,pierre@spop.agency,Pierre,Fontaine,spop,http://www.spop.agency,http://www.linkedin.com/in/pierre-fontaine-739690198,Co-founder,Paris,France,spop,verified,614f26260210d40001f26b68
TECH,doublon_entreprise,jonas@highsail.com,Jonas,Maeyens,Highsail,http://www.highsail.com,http://www.linkedin.com/in/jonasmaeyens,Co-Founder & CEO,Ghent,Belgium,Highsail,verified,5ecfb44ae12dc2011259a0ab
TECH,verticale_brulee,anthony@agence-aurion.fr,Anthony,Aslangul,Aurion,http://www.agence-aurion.fr,http://www.linkedin.com/in/anthony-aslangul-71a26737,Co-CEO,Le Mans,France,Aurion,verified,54a626d27468692abf3d82c6
TECH,doublon_entreprise,andreas@madewithlove.be,Andreas,Creten,madewithlove,http://www.madewithlove.com,http://www.linkedin.com/in/andreascreten,Co-Founder & CEO,Leuven,Belgium,madewithlove,verified,605b59a5be8d2500014f13fb
TECH,secteur_hors_cible,ali.binjunaid@effecon.be,Ali,Junaid,Effecon,http://www.effecon.be,http://www.linkedin.com/in/ali-bin-junaid,Founder & CEO,Leuven,Belgium,Effecon,verified,66f5d0af46183c0001a57fa4
TECH,doublon_entreprise,yannick@digitalforge.fr,Yannick,Leouffre,Digital Forge,http://www.digitalforge.fr,http://www.linkedin.com/in/yleouffre,Co-Founder & CEO,Montpellier,France,Digital Forge,verified,66f419b84351e300018fc65e
TECH,secteur_hors_cible,olivier.legrand@little-john.io,Olivier,Legrand,Little John,http://www.little-john.io,http://www.linkedin.com/in/olivierxlegrand,Co-Founder & CEO,Paris,France,Little John,verified,60bff8c56c29bf0001f5003c
TECH,secteur_hors_cible,christophe.vincenzi@agence136.fr,Christophe,Vincenzi,136,http://www.agence136.fr,http://www.linkedin.com/in/christophe-vincenzi-1a19b159,Founder,Paris,France,136,verified,54a48ea6746869367663bf50
TECH,doublon_entreprise,er@immersiv.io,Emmanuelle,Roger,Immersiv.io,http://www.immersiv.io,http://www.linkedin.com/in/emmanuelle-roger-89277095,Co-founder & CEO,Paris,France,Immersiv.io,verified,60d34abae8e85c0001342528
TECH,doublon_entreprise,tanguy@prolong.io,Tanguy,Frecon,Prolong,http://www.prolong.io,http://www.linkedin.com/in/tanguyfrecon,Co-Founder & CEO,Paris,France,Prolong,verified,66f141af69694d0001065365
TECH,doublon_entreprise,louis@upstream.do,Louis,Lecat,Upstream,http://www.upstream.do,http://www.linkedin.com/in/lecatlouis,Co-founder & CEO,,France,Upstream,verified,66f3f0efc043850001b77874
TECH,suisse_hors_romandie,ahmed@datametrix.ch,Ahmed,Rhali,datametrix,http://www.datametrix.ch,http://www.linkedin.com/in/ahmed-el-rhali-8974298,President and CEO,Boudry,Switzerland,datametrix AG,verified,54a9c5ca7468692d1c4ff617
TECH,secteur_hors_cible,dominique.mineo@cefa-aviation.com,Dominique,Mineo,CEFA Aviation,http://www.cefa-aviation.com,http://www.linkedin.com/in/dominiquemineo,CEO and Founder,Colmar,France,CEFA Aviation,verified,6605912539a0f60007b40c4a
TECH,doublon_entreprise,mathieu.cura@optimistik.com,Mathieu,Cura,Optimistik,http://www.optimistik.com,http://www.linkedin.com/in/mathieu-cura-17360111,Co Founder and CEO,Chambery,France,Optimistik,verified,6051163c70ed280001e8f7f9
TECH,doublon_entreprise,andry@ryax.tech,Andry,Razafinjatovo,Ryax Technologies,http://www.ryax.tech,http://www.linkedin.com/in/andry-razafinjatovo,Chief Executive Officer & Co-Founder,Lyon,France,Ryax Technologies,verified,63a77fe42b99d3000127d93a
TECH,secteur_hors_cible,kasper@calqi.be,Kasper,Bussche,Calqi,http://www.calqi.be,http://www.linkedin.com/in/kaspervdb,"Co-founder, CEO",Brussels,Belgium,Calqi,verified,54a7b692746869730a03514e
TECH,secteur_hors_cible,yann@flowie.fr,Yann,Ravel-Sibillot,Flowie,http://www.get-flowie.com,http://www.linkedin.com/in/yannravelsibillot,"CEO, Co-Founder",,France,Flowie,verified,60a28b55a9f927000107bad1
TECH,doublon_entreprise,michael@kotzilla.io,Michael,Montoya,Kotzilla,http://www.kotzilla.io,http://www.linkedin.com/in/montoyamichael,CEO & Co-Founder,,France,Kotzilla,verified,66f72e169678b30001a81072
TECH,doublon_entreprise,erwan.demont@cogneed.ai,Erwan,Demont,CogNeed,http://www.cogneed.ai,http://www.linkedin.com/in/erwan-demont,Co-Founder & CEO,Paris,France,CogNeed,verified,54a774207468696220734636
TECH,doublon_entreprise,matthieu.bonnard@kabeen.io,Matthieu,Bonnard,Kabeen,http://www.kabeen.io,http://www.linkedin.com/in/matthieu-bonnard-aa249811,CEO & Founder,Paris,France,Kabeen,verified,6080fd753d071f000165279e
TECH,doublon_entreprise,maxime@nightborn.be,Maxime,Denuit,Nightborn,http://www.nightborn.com,http://www.linkedin.com/in/maxime-denuit-117814117,Co-Founder & CEO,Brussels,Belgium,Nightborn,verified,611d1d25cd2c35000171da0d
TECH,doublon_entreprise,patrick@dowsers.finance,Patrick,Azzopardi,Dowsers,http://www.dowsers.finance,http://www.linkedin.com/in/patrick-azzopardi-ab18221,CEO Co-Founder,Paris,France,DOWSERS,verified,54a5ce38746869344295c1a9
TECH,doublon_entreprise,arthur@haryon.fr,Arthur,Duchet-Suchaux,Haryon,http://www.haryon.fr,http://www.linkedin.com/in/duchetsuchauxarthur,CEO & Co-founder,Bordeaux,France,Haryon,verified,55bef4a573696443966f2600
TECH,doublon_entreprise,marc@getpyla.com,Marc,Rouvier,Pyla,http://www.getpyla.com,http://www.linkedin.com/in/marcrouvier,CEO & Co-Founder,Paris,France,Pyla,verified,637b1ba61f97b00001a01742
TECH,doublon_entreprise,charles@lettria.com,Charles,Borderie,Lettria,http://www.lettria.com,http://www.linkedin.com/in/charlesborderie,Co-founder & CEO,Paris,France,Lettria,verified,6a4f7084aa90b900013b4c44
TECH,doublon_entreprise,ivann@boxia.co,Ivann,Kumagangue,Boxia,http://www.boxia.co,http://www.linkedin.com/in/ivannk,CEO & Co-founder,Paris,France,BOXIA,verified,54a7500d74686962209cfb28
TECH,doublon_entreprise,karim@getcontrast.io,Karim,Matrah,Contrast webinars,http://www.getcontrast.io,http://www.linkedin.com/in/karim-matrah,Co-Founder & Head of Engineering,Paris,France,Contrast webinars,verified,66f51eb1085dd9000176f8a6
TECH,secteur_hors_cible,bruno.f@lmsfactory.com,Bruno,Fajnzilberg,LMS Factory,http://www.lmsfactory.com,http://www.linkedin.com/in/brunofajnzilberg,Founder,Buchelay,France,LMS Factory,verified,66f7384b233e220001482f67
TECH,doublon_entreprise,nblanquet@ackomas.com,Nicolas,Blanquet,Ackomas,http://www.ackomas.com,http://www.linkedin.com/in/nicolas-blanquet-entrepreneur-investisseur,Co-Founder,Paris,France,ACKOMAS,verified,6436be830478d80001565392
TECH,doublon_entreprise,daniele.di_lorenzo@duoverse.ai,Daniele,Lorenzo,Duoverse,http://www.duoverse.ai,http://www.linkedin.com/in/daniele-di-lorenzo,Co-founder,Paris,France,Duoverse,verified,60cd8b7b837d9f000183cb42
TECH,secteur_hors_cible,steven.vits@ambiorix.com,Steven,Vits,Ambiorix,http://www.ambiorix.com,http://www.linkedin.com/in/steven-vits-54b628161,Co-Founder,Antwerp,Belgium,Ambiorix,verified,5cb27279a3ae61e46f184a38
TECH,secteur_hors_cible,paul@digital.green,Paul,Guibert,Digital.Green,http://www.digital.green,http://www.linkedin.com/in/paul-guibert-3710326a,Founder,Paris,France,Digital.Green,verified,54a5de8f74686938ac8382af
TECH,secteur_hors_cible,ambasso@moovance.fr,Anas,Mbasso,Moovance,http://www.moovance.fr,http://www.linkedin.com/in/anas-mbasso-82745123,Founder,Paris,France,Moovance,verified,61054ca9525bcb0001b4bf1a
TECH,doublon_entreprise,tom@amaron.be,Tom,Caluwe,AMARON # Healthcare Interoperability,http://www.amaron.be,http://www.linkedin.com/in/tom-de-caluw%c3%a9-7173671,Founder,Bruges,Belgium,AMARON # Healthcare Interoperability,verified,60d9c62a3bb9370001737343
TECH,secteur_hors_cible,mathias@yondr.agency,Mathias,Van Dosselaer,yondr,http://www.yondr.agency,http://www.linkedin.com/in/mathias-van-dosselaer-a0057022,Co-Founder,Waregem,Belgium,yondr,verified,5e86c51e24f2bf0001846742
TECH,secteur_hors_cible,xavier@geo-fs.com,Xavier,Tassin,GeoFS,http://www.geo-fs.com,http://www.linkedin.com/in/xavier-tassin,Founder,,France,GeoFS,verified,54a13b7e69702d2fa68d9e01
TECH,secteur_hors_cible,theo@lesignobles.com,Theo,Champion,Les Ignobles,http://www.lesignobles.com,http://www.linkedin.com/in/th%c3%a9o-champion-30079b186,Co-founder,Annecy,France,Les Ignobles,verified,60b7643e060130000143dfa9
TECH,secteur_hors_cible,charlesrodet@resalocal.com,Charles,Rodet,Resalocal,http://www.resalocal.com,http://www.linkedin.com/in/charlesrodet,Founder,Talloires,France,Resalocal,verified,54ebb5857468694311e44213
CONSEIL,secteur_hors_cible,daniel@dbconseil.com,Db,Sas,DB Conseil,http://www.dbconseil.com,http://www.linkedin.com/in/dbconseil,CEO,Serignan-du-Comtat,France,DB Conseil,verified,670dfe6eb45b550001e6edc1
CONSEIL,secteur_hors_cible,florent.dubosson@lmdhlacave.com,Florent,Dubosson,La Maison de l'Hédonisme,http://www.lamaisondelhedonisme.com,http://www.linkedin.com/in/florent-dubosson-8b4602b,Co-Founder & CEO,Paris,France,La Maison de l'Hédonisme,verified,66f9df44d1c6fd00017dfd74
CONSEIL,secteur_hors_cible,benjamin@ycabbe.fr,Benjamin,Callebaut,Ycabbe,http://www.ycabbe.fr,http://www.linkedin.com/in/benjamin-callebaut-826750164,Co-founder,Clermont-Ferrand,France,YCABBE,verified,66f7c1160a0a800001dfca1b
TECH,secteur_hors_cible,c.ropars@acquisys.fr,Christian,Ropars,Acquisys,http://www.acquisys.fr,http://www.linkedin.com/in/christian-ropars-331a8b45,Président / Directeur Général,Paris,France,ACQUISYS,verified,54a797417468696b7f29b642
CONSEIL,secteur_hors_cible,d.verza@kephren.com,Dimitri,Verza,Kephren,http://www.kephren.com,http://www.linkedin.com/in/dimitri-verza-b583a6325,Founder and CEO,Paris,France,Kephren,verified,6739297418271d000166a135
CONSEIL,secteur_hors_cible,franck@digital-content-expert.com,Franck,Tabary,Digital Content Expert,http://www.digital-content-expert.com,http://www.linkedin.com/in/franck-tabary-2a604910,CEO and Co Founder,Paris,France,DIGITAL CONTENT EXPERT,verified,66fc72d313ea850001ab672c
CONSEIL,secteur_hors_cible,julien.morand@digimo.fr,Julien,Morand,digimo invest,http://www.digimo.fr,http://www.linkedin.com/in/jmorand,Founder & CEO,Nantes,France,digimo invest,verified,58c777b5f65125e5fdd30bf1
CONSEIL,secteur_hors_cible,lbastian@equation-sie.com,Lionel,Bastian,Equation-Sie,http://www.equation-sie.com,http://www.linkedin.com/in/lionelbastian,CEO Cofounder,Paris,France,EQUATION-SIE,verified,60d32a6579f20700016bd4b9
CONSEIL,secteur_hors_cible,xavier@finrack.fr,Xavier,Corman,Finrack,http://www.finrack.com,http://www.linkedin.com/in/xaviercorman,Co-Founder & CEO,Brussels,Belgium,Finrack,verified,5ff9d6e8c13d300001f5513e
TECH,secteur_hors_cible,ervan.kassarian@dycsyt.com,Ervan,Kassarian,Dycsyt,http://www.dycsyt.com,http://www.linkedin.com/in/kassarian-ervan,"Co-Founder, CEO",Toulouse,France,DYCSYT,verified,5de635a423250e00018e2a9a
CONSEIL,secteur_hors_cible,laurent.desmaret@nanopyro.be,Laurent,Desmaret,NanoPyro,http://www.nanopyro.be,http://www.linkedin.com/in/laurent-desmaret-92b4b749,Co-founder and CEO,Brussels,Belgium,NanoPyro,verified,62c8a8b5d158cd00010d1b29
TECH,secteur_hors_cible,kthibaut@covartim.com,Kyun,Thibaut,Covartim,http://www.covartim.com,http://www.linkedin.com/in/kthibaut,Founder & CEO,La Rochelle,France,COVARTIM,verified,6118e534ec454c000174ad72
CONSEIL,secteur_hors_cible,frederic@cloudseven.be,Frederic,Goldschmidt,Cloud Seven,http://www.cloudseven.be,http://www.linkedin.com/in/fr%c3%a9d%c3%a9ric-de-goldschmidt-438aa54,Founder,Brussels,Belgium,Cloud Seven,verified,54a3139874686930c270ed52
CONSEIL,secteur_hors_cible,u.snellman@auriswm.ch,Ulf,Snellman,Auris Wealth Management S.A,http://www.auriswm.ch,http://www.linkedin.com/in/ulf-snellman-30500210,CEO,Geneva,Switzerland,Auris Wealth Management S.A.,verified,54a631037468692abfe0d8c9
CONSEIL,secteur_hors_cible,nathalie.granchon@talt.fr,Nathalie,Granchon,TALT,http://www.talt.fr,http://www.linkedin.com/in/nathalie-granchon-bab7a8127,Founder,,France,TALT,verified,5f5565cfc4dde20001d7cc53
CONSEIL,secteur_hors_cible,zyad@friiday.com,Zyad,Rouissi,Friiday,http://www.friiday.com,http://www.linkedin.com/in/zyad-rouissi-39a36138,Founder & President of Friiday,,France,FRIIDAY,verified,54a79b517468696b7f643c44
TECH,secteur_hors_cible,xavier@pbplus.be,Xavier,Kluyskens,PB Plus,http://www.pbplus.be,http://www.linkedin.com/in/xavier-kluyskens-84120265,Co-Founder,Ghent,Belgium,PB Plus,verified,613f15a6869f390001b91d4c
CONSEIL,secteur_hors_cible,jm.binet@gnca.fr,Jean-Michel,Binet,GNCA,http://www.gnca.fr,http://www.linkedin.com/in/jean-michel-binet-139bb789,Co-founder,,France,GNCA - Groupement National des Courtiers d'Assurances,verified,54a49f6574686938acaf5456
CONSEIL,secteur_hors_cible,adeline@retailfactory.fr,Adeline,Cabale,Retail Factory,http://www.retailfactory.fr,http://www.linkedin.com/in/adelinecabale,CEO & Co-founder,Paris,France,Retail Factory,verified,54a29f907468692e71d64831
CONSEIL,secteur_hors_cible,marc.lemarie@earlystage.fr,Marc,Lemarie,Early Stage,http://www.earlystage-executivesearch.fr,http://www.linkedin.com/in/marc-lemari%c3%a9-3678b83,Co-founder,Paris,France,Early Stage,verified,557030a77369643abaa07e00
